"","축제명","year","start_mon","end_mon","CARD_SIDO_NM","CARD_CCG_NM","위도","경도"
"1","희망달서 큰잔치",2020,10,10,"대구","달서구",35.8507464815,128.5616533709
"2","순창장류축제",2020,10,10,"전북","순창군",35.3686002131,127.1099773076
"3","2020년 제16회 해운대모래축제",2020,5,5,"부산","해운대구",35.15793348,129.1724709
"4","제7회 해운대 빛축제",2020,11,1,"부산","해운대구",35.15793348,129.1724709
"5","우장산 신록축제",2020,5,5,"서울","강서구",37.56759867,126.8537291
"6","허준축제",2020,10,10,"서울","강서구",37.56759867,126.8537291
"7","제53회 황토현동학농민혁명기념제",2020,5,5,"전북","정읍시",35.55427272,127.0188952
"8","제31회 정읍사문화제",2020,9,9,"전북","정읍시",35.55427272,127.0188952
"9","제14회 정읍 평생학습축제 및 제6회 주민자치 프로그램 발표회",2020,10,10,"전북","정읍시",35.55427272,127.0188952
"10","제15회 정읍 구절초꽃축제",2020,9,10,"전북","정읍시",35.55427272,127.0188952
"11","섬강축제",2020,10,10,"강원","원주시",37.336428,127.9462616
"12","원주 용수골꽃양귀비축제",2020,5,5,"강원","원주시",37.336428,127.9462616
"13","원주 다이내믹댄싱카니발",2020,9,9,"강원","원주시",37.336428,127.9462616
"14","원주 한지문화제",2020,9,9,"강원","원주시",37.336428,127.9462616
"15","제24회 무안연꽃추제",2020,7,7,"전남","무안군",34.86008849,126.5298962
"16","제8회 무안황토갯벌축제",2020,6,6,"전남","무안군",34.86008849,126.5298962
"17","울산고래축제",2020,6,6,"울산","남구",35.5043992791,129.3872929992
"18","2020 선암호수가요제",2020,9,9,"울산","남구",35.5043992791,129.3872929992
"19","부안마실축제",2020,9,9,"전북","부안군",35.71882124,126.7286953
"20","곰소젓갈발효축제",2020,9,9,"전북","부안군",35.71882124,126.7286953
"21","제27회 대덕제 대구앞산축제",2020,4,4,"대구","남구",35.840562,128.606693
"22","제14회 신천돗자리음악회",2020,7,7,"대구","남구",35.840562,128.606693
"23","K-POP광장 야외시네마",2019,4,10,"서울","강남구",37.51182328,127.0591597
"24","내 집 앞 세계영화제",2019,3,10,"서울","강남구",37.51182328,127.0591597
"25","K-POP 뮤직페스티벌",2019,5,10,"서울","강남구",37.51182328,127.0591597
"26","2019 강남페스티벌 패션쇼",2019,9,9,"서울","강남구",37.51182328,127.0591597
"27","2019 강남페스티벌",2019,9,10,"서울","강남구",37.51182328,127.0591597
"28","C-festival 2019",2019,5,5,"서울","강남구",37.51182328,127.0591597
"29","롤링나이트 2019",2019,6,6,"서울","강남구",37.51182328,127.0591597
"30","365일 펀앤판 강남",2019,4,11,"서울","강남구",37.51182328,127.0591597
"31","개항제례",2018,5,5,"경남","창원시",35.2079322335,128.6792734965
"32","창원진동불꽃낙화축제",2018,4,4,"경남","창원시",35.2079322335,128.6792734965
"33","야철제",2018,6,6,"경남","창원시",35.2079322335,128.6792734965
"34","마산만날제",2018,9,9,"경남","창원시",35.2079322335,128.6792734965
"35","남산상봉제",2018,9,9,"경남","창원시",35.2079322335,128.6792734965
"36","소요단풍문화제",2020,10,11,"경기","동두천시",37.90083977,127.0704987
"37","동두천락페스티벌",2020,8,8,"경기","동두천시",37.90083977,127.0704987
"38","제38회 해운대달맞이온천축제",2020,2,2,"부산","해운대구",35.15793348,129.1724709
"39","정월대보름 달맞이 행사",2020,2,2,"경기","동두천시",37.90083977,127.0704987
"40","왕방산 국제MTB대회",2019,10,10,"경기","동두천시",37.90083977,127.0704987
"41","2019 제4회 이담농악두드림대축제",2019,6,6,"경기","동두천시",37.90083977,127.0704987
"42","제4회 동두천 국제 트레일러닝 대회",2019,4,4,"경기","동두천시",37.90083977,127.0704987
"43","상패남산축제",2018,9,9,"경기","동두천시",37.90083977,127.0704987
"44","천사마라톤대회",2018,10,10,"경기","동두천시",37.90083977,127.0704987
"45","동두천 청소년 별자리과학 축제",2018,10,10,"경기","동두천시",37.90083977,127.0704987
"46","동두천시 자원봉사 축제",2018,10,10,"경기","동두천시",37.90083977,127.0704987
"47","DDC할로윈클럽데이",2018,10,10,"경기","동두천시",37.90083977,127.0704987
"48","2020 대한민국 국향대전",2020,10,11,"전남","함평군",35.05618964,126.5199487
"49","제13회 마포나루 새우젓축제",2020,10,10,"서울","마포구",37.5635262478,126.8984363299
"50","제11회서면우리문화축제",2020,10,10,"부산","부산진구",35.1570356,129.0630291
"51","제10회 부산진구 북페스티벌",2020,9,9,"부산","부산진구",35.1570356,129.0630291
"52","서면메디컬스트리트 축제",2020,10,10,"부산","부산진구",35.1570356,129.0630291
"53","전포카페거리축제",2020,10,10,"부산","부산진구",35.1570356,129.0630291
"54","해맞이축제",2020,1,1,"서울","강서구",37.56759867,126.8537291
"55","개화산 봄꽃축제",2020,4,4,"서울","강서구",37.56759867,126.8537291
"56","제28회 영도다리축제",2020,10,10,"부산","영도구",35.05597301,129.0897518
"57","응봉산 해맞이축제",2020,1,1,"서울","성동구",37.548551,127.030821
"58","감자옥수수 축제",2020,7,7,"충북","옥천군",36.3807108158,127.6893425214
"59","지용제",2020,10,10,"충북","옥천군",36.3807108158,127.6893425214
"60","대둔산철쭉제",2019,4,5,"충남","논산시",36.14380913,127.3048094
"61","연산백중놀이",2020,9,9,"충남","논산시",36.14380913,127.3048094
"62","상월고구마축제",2020,9,9,"충남","논산시",36.14380913,127.3048094
"63","양촌곶감축제",2019,12,12,"충남","논산시",36.14380913,127.3048094
"64","보성차밭 빛축제",2020,12,1,"전남","보성군",34.84476516,127.3464624
"65","벌교꼬막축제",2019,10,11,"전남","보성군",34.84476516,127.3464624
"66","보성차밭 빛축제",2020,12,1,"전남","보성군",34.84476516,127.3464624
"67","벌교꼬막축제",2019,10,11,"전남","보성군",34.84476516,127.3464624
"68","보성전어축제",2019,8,8,"전남","보성군",34.84476516,127.3464624
"69","음성품바축제",2020,8,8,"충북","음성군",36.9327893833,127.6910182036
"70","설성문화제",2020,10,10,"충북","음성군",36.9327893833,127.6910182036
"71","음성명작페스티벌",2020,9,9,"충북","음성군",36.9327893833,127.6910182036
"72","음성들깨축제",2020,9,9,"충북","음성군",36.9327893833,127.6910182036
"73","계양산국악제",2020,9,9,"인천","계양구",37.54504438,126.7289968
"74","제32회 시민의 날 문화행사",2020,9,9,"경기","오산시",37.16022346,127.077061
"75","제10회 오산 독산성 문화제",2020,10,10,"경기","오산시",37.16022346,127.077061
"76","2020  제14회 종합예술제",2020,10,12,"경기","오산시",37.16022346,127.077061
"77","2020 오산 통기타 페스티벌",2020,9,9,"경기","오산시",37.16022346,127.077061
"78","제21회 청양고추.구기자축제",2020,9,9,"충남","청양군",36.446571,126.804563
"79","진해군항제",2018,4,4,"경남","창원시",35.2079322335,128.6792734965
"80","진해군악의장페스티벌",2018,4,4,"경남","창원시",35.2079322335,128.6792734965
"81","마산가고파국화축제",2018,10,11,"경남","창원시",35.2079322335,128.6792734965
"82","제56회 수원화성문화제",2019,10,10,"경기","수원시",37.28754,127.018085
"83","2019 수원등불축제",2019,10,10,"경기","수원시",37.28754,127.018085
"84","2017 음식 문화축제",2017,9,9,"경기","수원시",37.28754,127.018085
"85","2018 음식 문화축제",2018,10,10,"경기","수원시",37.28754,127.018085
"86","2019 음식 문화축제",2019,10,10,"경기","수원시",37.28754,127.018085
"87","속리산 신화여행축제",2020,7,8,"충북","보은군",36.53271475,127.8247988
"88","보은대추축제",2020,10,10,"충북","보은군",36.53271475,127.8247988
"89","정서진 해넘이 축제",2020,12,12,"인천","서구",37.55843765,126.6074637
"90","부산 차이나타운특구 문화축제",2020,10,10,"부산","동구",35.11774625,129.0491459
"91","제2회 예천국제스마트폰영화제",2020,9,9,"경북","예천군",36.5761128263,128.4887714537
"92","삼강주막 나루터축제",2020,10,10,"경북","예천군",36.5761128263,128.4887714537
"93","이천쌀문화축제",2020,10,10,"경기","이천시",37.11809864,127.6121816
"94","보성전어축제",2019,8,8,"전남","보성군",34.84476516,127.3464624
"95","이천도자기축제",2020,8,9,"경기","이천시",37.11809864,127.6121816
"96","햇사레장호원복숭아축제",2019,9,9,"경기","이천시",37.11809864,127.6121816
"97","이천인삼축제",2020,10,11,"경기","이천시",37.11809864,127.6121816
"98","설봉산별빛축제",2019,7,8,"경기","이천시",37.11809864,127.6121816
"99","체험문화축제",2019,5,5,"경기","이천시",37.11809864,127.6121816
"100","이천백사산수유꽃축제",2019,3,3,"경기","이천시",37.11809864,127.6121816
"101","이천국제일루전페스티벌",2020,9,9,"경기","이천시",37.11809864,127.6121816
"102","영도구룡축제",2020,1,12,"부산","영도구",35.05597301,129.0897518
"103","동삼풍어제",2020,1,12,"부산","영도구",35.05597301,129.0897518
"104","발복기원제",2020,6,6,"부산","영도구",35.05597301,129.0897518
"105","제15회 수국꽃 문화축제",2020,1,12,"부산","영도구",35.05597301,129.0897518
"106","남해1973축제",2020,9,9,"경남","남해군",34.80085956,128.0384333
"107","코로나로 미정(감악문화축제)",2019,9,9,"경기","양주시",37.785795,127.081833
"108","코로나로 미정(2020 양주 천만송이 천일홍 축제)",2019,9,9,"경기","양주시",37.785795,127.081833
"109","사하예술제",2020,10,10,"부산","사하구",35.0974881493,129.010624
"110","감천문화마을 골목축제",2019,4,4,"부산","사하구",35.0974881493,129.010624
"111","하단포구웅어축제",2019,5,5,"부산","사하구",35.0974881493,129.010624
"112","다대포어항문화축제",2019,11,11,"부산","사하구",35.0974881493,129.010624
"113","금천하모니벚꽃축제 2019",2019,4,4,"서울","금천구",37.4510151,126.9075078
"114","정조대왕 능행차 공동재현",2019,10,10,"서울","금천구",37.4510151,126.9075078
"115","제16회 진안고원운장산 고로쇠축제",2020,3,3,"전북","진안군",35.8414750876,127.5747126957
"116","2020 진안 원연장 꽃잔디축제",2020,4,5,"전북","진안군",35.8414750876,127.5747126957
"117","제12회 진안고원 수박축제",2020,8,8,"전북","진안군",35.8414750876,127.5747126957
"118","2020 진안홍삼축제",2020,10,10,"전북","진안군",35.8414750876,127.5747126957
"119","광주 남한산성문화제",2019,9,9,"경기","광주시",37.35028421,127.3347877
"120","광주왕실도자기축제",2020,4,5,"경기","광주시",37.35028421,127.3347877
"121","퇴촌토마토축제",2020,6,6,"경기","광주시",37.35028421,127.3347877
"122","2020 아라마린 워터페스티벌",2020,8,8,"경기","김포시",37.59765509,126.7869691
"123","DMZ 울트라트레일러닝",2020,9,9,"경기","김포시",37.59765509,126.7869691
"124","2020 김포 국제무선자동차대회 개최",2020,9,9,"경기","김포시",37.59765509,126.7869691
"125","김포 평화누리길 걷기행사",2020,5,10,"경기","김포시",37.59765509,126.7869691
"126","2020 김포 도심축제",2020,9,9,"경기","김포시",37.59765509,126.7869691
"127","김포통진두레놀이 가마솥밥짓기 경연대회",2020,10,10,"경기","김포시",37.59765509,126.7869691
"128","월곶 저잣거리축제",2020,10,10,"경기","김포시",37.59765509,126.7869691
"129","2018 수원독서문화축제",2018,9,9,"경기","수원시",37.28754,127.018085
"130","2019 수원독서문화축제",2019,10,10,"경기","수원시",37.28754,127.018085
"131","2019 수원연극축제",2019,5,5,"경기","수원시",37.28754,127.018085
"132","제55회 수원화성문화제",2018,10,10,"경기","수원시",37.28754,127.018085
"133","류방택 별 축제",2020,6,6,"충남","서산시",36.71355717,126.5503842
"134","서산해미읍성축제",2020,10,10,"충남","서산시",36.71355717,126.5503842
"135","서산국화축제",2020,10,11,"충남","서산시",36.71355717,126.5503842
"136","강경젓갈축제",2020,10,10,"충남","논산시",36.14380913,127.3048094
"137","2020계룡세계군문화엑스포",2020,9,10,"충남","계룡시",36.274229,127.248827
"138","왜목해돋이축제",2020,12,1,"충남","당진시",36.819209,126.785502
"139","심훈상록문화제",2020,9,9,"충남","당진시",36.819209,126.785502
"140","부여서동연꽃축제",2020,7,7,"충남","부여군",36.27145891,126.9136908
"141","백제문화제",2020,9,10,"충남","부여군",36.27145891,126.9136908
"142","춘장대해수욕장 여름문화예술축제",2020,7,8,"충남","서천군",36.07994424,126.7987047
"143","춘장대해수욕장 여름문화예술축제",2020,7,8,"충남","서천군",36.0799445,126.7987047
"144","자연산 광어.도미 축제",2020,5,5,"충남","서천군",36.07994424,126.7987047
"145","자연산 광어.도미 축제",2020,5,5,"충남","서천군",36.0799445,126.7987047
"146","마량포 해넘이.해돋이 축제",2020,12,1,"충남","서천군",36.07994424,126.7987047
"147","마량포 해넘이.해돋이 축제",2020,12,1,"충남","서천군",36.0799445,126.7987047
"148","한산모시문화제",2020,6,6,"충남","서천군",36.07994424,126.7987047
"149","한산모시문화제",2020,6,6,"충남","서천군",36.0799445,126.7987047
"150","청양고추.구기자축제",2020,9,9,"충남","청양군",36.446571,126.804563
"151","홍성남당항새조개축제",2020,1,2,"충남","홍성군",36.6017196006,126.6613896244
"152","홍성한우바비큐페스티벌",2020,10,11,"충남","홍성군",36.6017196006,126.6613896244
"153","예산 장터삼국축제",2020,10,10,"충남","예산군",36.67611933,126.8479256
"154","태안국제모래조각 페스티벌",2020,8,8,"충남","태안군",36.5011225195,126.3367860679
"155","태안 세계툴립축제",2020,4,5,"충남","태안군",36.5011225195,126.3367860679
"156","상주해돋이&물메기축제",2020,12,1,"경남","남해군",34.80085956,128.0384333
"157","가천다랭이마을해맞이행사",2021,1,1,"경남","남해군",34.80085956,128.0384333
"158","독일마을 맥주축제",2020,10,10,"경남","남해군",34.80085956,128.0384333
"159","상주은모래비치 썸머페스티벌",2020,8,8,"경남","남해군",34.80085956,128.0384333
"160","2020년 이순신 순국제전",2020,10,11,"경남","남해군",34.80085956,128.0384333
"161","2019 광복기념음악회",2019,8,8,"경기","안양시",37.39013727,126.9613302
"162","제23회 파주장단콩축제",2019,11,11,"경기","파주시",37.8649742284,126.8696173152
"163","제15회 파주개성인삼축제",2019,10,10,"경기","파주시",37.8649742284,126.8696173152
"164","2018 웅진성수문병 근무교대식",2018,4,11,"충남","공주시",36.36030634,127.2509274183
"165","2018 백제어울마당",2018,4,10,"충남","공주시",36.36030634,127.2509274183
"166","2017 겨울공주군밤축제",2017,12,1,"충남","공주시",36.36030634,127.2509274183
"167","제63회 백제문화제",2017,9,10,"충남","공주시",36.36030634,127.2509274183
"168","마곡사 신록축제",2017,4,4,"충남","공주시",36.36030634,127.2509274183
"169","소양강문화제",2019,9,9,"강원","춘천시",37.8564737,127.7467644
"170","춘천연극제",2019,6,6,"강원","춘천시",37.8564737,127.7467644
"171","서구여성합창단 정기 연주회",2020,11,11,"광주","서구",35.15202894,126.890113
"172","영산강 서창들녁 억새축제",2020,10,10,"광주","서구",35.15202894,126.890113
"173","제11회 구미시민 녹색자전거 대행진",2019,9,9,"경북","구미시",36.099427,128.4017505
"174","2020 부평풍물대축제",2020,10,10,"인천","부평구",37.49765011,126.7220754
"175","동아시아 그림책 및 웹툰 페스티벌",2020,9,9,"전남","순천시",34.9366208,127.5481890924
"176","동아시아 청소년 예술제",2020,8,8,"전남","순천시",34.9366208,127.5481890924
"177","한중일 미래예술융합 페스티벌",2020,7,7,"전남","순천시",34.9366208,127.5481890924
"178","한중일 전통 민속예술한마당",2020,6,6,"전남","순천시",34.9366208,127.5481890924
"179","제7회 한평정원 페스티벌",2020,9,10,"전남","순천시",34.9366208,127.5481890924
"180","평택호물빛축제",2020,10,10,"경기","평택시",36.9233294027,126.9266764446
"181","대청호대덕뮤직패스티벌",2019,4,4,"대전","대덕구",36.4736253758,127.4735679339
"182","동춘당문화제",2019,4,4,"대전","대덕구",36.4736253758,127.4735679339
"183","천안흥타령춤축제",2020,9,9,"충남","천안시",36.7886525548,127.2580712772
"184","공주 석장리 세계구석기축제",2020,6,6,"충남","공주시",36.36030634,127.2509274183
"185","백제문화제",2020,9,10,"충남","공주시",36.36030634,127.2509274183
"186","보령머드축제",2020,7,7,"충남","보령시",36.332811,126.6120001
"187","무창포신비의바닷길축제",2020,8,9,"충남","보령시",36.332811,126.6120001
"188","청년거리문화축제",2019,3,12,"전남","여수시",34.593794482,127.8029860962
"189","여수동동북축제",2019,11,11,"전남","여수시",34.593794482,127.8029860962
"190","여수향일암일출기원한마당",2019,12,1,"전남","여수시",34.593794482,127.8029860962
"191","모란축제추진위원회",2019,10,10,"경기","성남시",37.46123306,127.1707449
"192","천을산 해맞이",2020,1,1,"대구","수성구",35.849688,128.695676
"193","제19회 명지시장 전어축제",2019,8,8,"부산","강서구",35.20984733,128.9845542
"194","제15회 거창전국 한시백일장대회",2020,6,6,"경남","거창군",35.6920941326,127.9290613738
"195","부처님오신날 연등축제",2020,4,4,"경남","거창군",35.6920941326,127.9290613738
"196","옥정호 꽃걸음 빛바람 축제",2019,4,4,"전북","임실군",35.54520247,127.3326779
"197","보석대축제",2020,4,4,"전북","익산시",35.9906135142,127.102547967
"198","천만송이 국화축제",2020,10,11,"전북","익산시",35.9906135142,127.102547967
"199","익산서동축제",2020,5,5,"전북","익산시",35.9906135142,127.102547967
"200","사량도 옥녀봉 축제",2020,10,10,"경남","통영시",34.75930638,128.5100671
"201","욕지 섬 문화축제",2020,10,10,"경남","통영시",34.75930638,128.5100671
"202","제20회광안리어방축제",2019,4,4,"부산","수영구",35.1543923,129.1188448
"203","웅진성수문병 근무교대식",2017,4,10,"충남","공주시",36.36030634,127.2509274183
"204","백제 어울마당",2017,4,11,"충남","공주시",36.36030634,127.2509274183
"205","봄내예술제",2019,5,5,"강원","춘천시",37.8564737,127.7467644
"206","김유정추모제",2019,3,3,"강원","춘천시",37.8564737,127.7467644
"207","춘천인형극제",2019,9,10,"강원","춘천시",37.8564737,127.7467644
"208","동작가족한마음축제",2019,10,10,"서울","동작구",37.4964296003,126.9551598394
"209","동작구 도서관 축제",2020,5,5,"서울","동작구",37.4964296003,126.9551598394
"210","2020 동작복지나눔축제",2020,9,9,"서울","동작구",37.4964296003,126.9551598394
"211","4.19혁명 국민문화제 2019",2019,4,4,"서울","강북구",37.63918553,127.0254518
"212","봉황각 3.1독립운동 재현행사",2019,3,3,"서울","강북구",37.63918553,127.0254518
"213","2019 안양 시민축제",2019,9,9,"경기","안양시",37.39013727,126.9613302
"214","성류문화제",2019,10,10,"경북","울진군",36.9651530689,129.4132711513
"215","울진금강송송이축제와 친환경농산물축제",2019,10,10,"경북","울진군",36.9651530689,129.4132711513
"216","제9회 낙동강 구포나루 축제(잠정연기, 하반기 예정)",2019,5,5,"부산","북구",35.19688402,128.9900968
"217","울산쇠부리축제",2019,5,5,"울산","북구",35.5827088139,129.3612558544
"218","제15회 영등포 여의도 봄꽃축제",2019,4,4,"서울","영등포구",37.5329135959,126.9164036415
"219","2020 태화강 국제 재즈페스티벌",2020,5,5,"울산","중구",35.5747570504,129.3474699268
"220","2016 대가야체험축제",2016,4,4,"경북","고령군",35.7210761376,128.2601558557
"221","제14회 거창단오제",2020,6,6,"경남","거창군",35.6920941326,127.9290613738
"222","2019 대한민국 온천대축제",2019,10,10,"전북","고창군",35.4311962737,126.7383543955
"223","가족사랑 아이스축제",2019,7,7,"대구","서구",35.8758308,128.5747396
"224","달성토성마을축제",2019,4,4,"대구","서구",35.8758308,128.5747396
"225","여르미오페스티벌",2015,8,8,"경기","안산시",37.299644,126.8627
"226","안산M밸리록페스티벌",2015,7,7,"경기","안산시",37.299644,126.8627
"227","제8회 세계인의 날 기념행사",2015,5,5,"경기","안산시",37.299644,126.8627
"228","오대산문화축전",2019,10,10,"강원","평창군",37.670709,128.704625
"229","평창백일홍축제",2019,9,9,"강원","평창군",37.670709,128.704625
"230","평창효석문화제",2019,9,9,"강원","평창군",37.670709,128.704625
"231","평창더위사냥축제",2019,7,8,"강원","평창군",37.670709,128.704625
"232","대관령눈꽃축제",2019,1,1,"강원","평창군",37.670709,128.704625
"233","평창송어축제",2018,12,1,"강원","평창군",37.670709,128.704625
"234","제주 라프 별빛축제",2018,11,3,"제주","제주시",33.4926799,126.9517219
"235","제주윈터페스티벌",2018,12,1,"제주","제주시",33.4926799,126.9517219
"236","서귀포겨울바다 국제펭귄수영대회",2019,1,1,"제주","서귀포시",33.4621467,126.9364271
"237","성산일출축제",2018,12,1,"제주","서귀포시",33.4621467,126.9364271
"238","여수마칭페스티벌",2019,10,10,"전남","여수시",34.593794482,127.8029860962
"239","봉산미술제",2012,10,10,"대구","중구",35.856117,128.616238
"240","은행나무길 축제",2019,10,10,"충남","아산시",36.7309932917,127.014409
"241","짚풀문화제",2019,10,10,"충남","아산시",36.7309932917,127.014409
"242","도고 코미디 핫 페스트 IN 아산",2018,9,9,"충남","아산시",36.7309932917,127.014409
"243","설화예술제",2019,9,9,"충남","아산시",36.7309932917,127.014409
"244","신정호 별빛축제",2019,8,8,"충남","아산시",36.7309932917,127.014409
"245","아산성웅이순신축제",2019,4,4,"충남","아산시",36.7309932917,127.014409
"246","서천철새여행",2020,11,11,"충남","서천군",36.07994424,126.7987047
"247","서천철새여행",2020,11,11,"충남","서천군",36.0799445,126.7987047
"248","한산모시문화제",2020,6,6,"충남","서천군",36.07994424,126.7987047
"249","한산모시문화제",2020,6,6,"충남","서천군",36.0799445,126.7987047
"250","홍원항 자연산 전어.꽃게 축제",2020,9,10,"충남","서천군",36.07994424,126.7987047
"251","홍원항 자연산 전어.꽃게 축제",2020,9,10,"충남","서천군",36.0799445,126.7987047
"252","마량포 해넘이.해돋이 축제",2020,12,1,"충남","서천군",36.07994424,126.7987047
"253","마량포 해넘이.해돋이 축제",2020,12,1,"충남","서천군",36.0799445,126.7987047
"254","자연산 광어.도미 축제",2020,5,5,"충남","서천군",36.07994424,126.7987047
"255","자연산 광어.도미 축제",2020,5,5,"충남","서천군",36.0799445,126.7987047
"256","정월대보름행사",2019,2,2,"경북","영천시",36.1402484562,128.9967122
"257","영천보현산별빛축제",2019,6,6,"경북","영천시",36.1402484562,128.9967122
"258","영천문화예술제",2019,9,9,"경북","영천시",36.1402484562,128.9967122
"259","영천한약축제",2019,9,9,"경북","영천시",36.1402484562,128.9967122
"260","제17회 고양 연등문화축제",2019,5,5,"경기","고양시",37.63173966,126.832994
"261","정월대보름달맞이축제",2011,2,2,"대구","중구",35.856117,128.616238
"262","안산국제거리극축제",2015,5,5,"경기","안산시",37.299644,126.8627
"263","안산시도서관책문화축제",2014,10,10,"경기","안산시",37.299644,126.8627
"264","제2회 상록수문화제",2014,9,9,"경기","안산시",37.299644,126.8627
"265","제1회 상록수문화제",2013,8,8,"경기","안산시",37.299644,126.8627
"266","부산크리스마스트리문화축제",2020,11,1,"부산","중구",35.0990580895,129.033396916
"267","부산자갈치축제",2020,10,10,"부산","중구",35.0990580895,129.033396916
"268","부산국제영화제 전야제",2020,10,10,"부산","중구",35.0990580895,129.033396916
"269","보수동책방골목문화축제",2020,10,10,"부산","중구",35.0990580895,129.033396916
"270","반딧불축제",2019,8,9,"전북","무주군",36.00236061,127.6625302
"271","고창해풍고추축제",2019,8,8,"전북","고창군",35.4311962737,126.7383543955
"272","무장읍성축제",2019,5,5,"전북","고창군",35.4311962737,126.7383543955
"273","대구 글로벌게임문화축제 e-Fun",2019,8,9,"대구","수성구",35.849688,128.695676
"274","팔공산 산중전통장터 승시",2019,10,10,"대구","동구",35.86471972,128.7142948
"275","억새생태문화제",2019,10,10,"광주","서구",35.15202894,126.890113
"276","광주세계김치축제",2019,10,10,"광주","남구",35.1469145949,126.9199953604
"277","광주세계김치축제",2019,7,8,"광주","남구",35.1469145949,126.9199953604
"278","광주세계김치축제",2019,5,5,"광주","남구",35.1469145949,126.9199953604
"279","광주프린지페스티벌",2019,4,10,"광주","남구",35.1469145949,126.9199953604
"280","고서포도축제",2021,7,7,"전남","담양군",35.2352508415,127.017861
"281","가로수사랑음악회",2020,11,11,"전남","담양군",35.2352508415,127.017861
"282","창평전통음식문화축제",2020,10,10,"전남","담양군",35.2352508415,127.017861
"283","추월산벚꽃축제",2020,4,4,"전남","담양군",35.2352508415,127.017861
"284","담양산타축제",2020,12,12,"전남","담양군",35.2352508415,127.017861
"285","담양대나무축제",2020,4,5,"전남","담양군",35.2352508415,127.017861
"286","포항운하축제",2019,9,9,"경북","포항시",36.07675839,129.5660588
"287","화순적벽 문화축제",2020,10,10,"전남","화순군",35.11101204,127.0791227
"288","화순 국화향연",2020,10,11,"전남","화순군",35.11101204,127.0791227
"289","벌터산 축제",2019,4,4,"경기","성남시",37.46123306,127.1707449
"290","수정숯골축제",2019,10,10,"경기","성남시",37.46123306,127.1707449
"291","청계산철쭉축제",2019,4,4,"경기","성남시",37.46123306,127.1707449
"292","분당구민 한마음 축제",2019,10,10,"경기","성남시",37.46123306,127.1707449
"293","임자도 민어 축제",2019,8,8,"전남","신안군",34.8336429223,126.3514080238
"294","증도 송어 축제",2019,6,6,"전남","신안군",34.8336429223,126.3514080238
"295","섬 수국 축제",2019,6,6,"전남","신안군",34.8336429223,126.3514080238
"296","섬 병어 축제",2019,6,6,"전남","신안군",34.8336429223,126.3514080238
"297","섬 깡다리 축제",2019,6,6,"전남","신안군",34.8336429223,126.3514080238
"298","흑산도홍어축제",2019,5,5,"전남","신안군",34.8336429223,126.3514080238
"299","간재미 축제",2019,4,4,"전남","신안군",34.8336429223,126.3514080238
"300","수선화축제",2019,3,3,"전남","신안군",34.8336429223,126.3514080238
"301","2019 신안 섬 갯벌 축제",2019,8,8,"전남","신안군",34.8336429223,126.3514080238
"302","김광석노래부르기",2019,9,9,"대구","중구",35.856117,128.616238
"303","대구 문화제 야행",2019,8,8,"대구","중구",35.856117,128.616238
"304","대구스트리트 모터 페스티벌",2019,5,5,"대구","중구",35.856117,128.616238
"305","인삼골축제",2019,10,10,"충북","증평군",36.7638867047,127.5955697477
"306","2016 안양 시민축제",2016,9,9,"경기","안양시",37.39013727,126.9613302
"307","2015 안양 아줌마축제",2015,5,5,"경기","안양시",37.39013727,126.9613302
"308","2015 안양 시민축제",2015,10,10,"경기","안양시",37.39013727,126.9613302
"309","2014 안양 아줌마축제",2014,8,8,"경기","안양시",37.39013727,126.9613302
"310","2016 광복기념음악회",2016,8,8,"경기","안양시",37.39013727,126.9613302
"311","왕새우 축제",2019,9,9,"전남","신안군",34.8336429223,126.3514080238
"312","불볼락 축제",2019,9,9,"전남","신안군",34.8336429223,126.3514080238
"313","2020 하하페스티벌",2020,9,9,"경기","의정부시",37.7069947266,127.053346
"314","의정부가족문화대축제",2020,5,5,"경기","의정부시",37.7069947266,127.053346
"315","의정부 부대찌개축제",2020,10,10,"경기","의정부시",37.7069947266,127.053346
"316","의정부 미용페스티벌",2020,9,9,"경기","의정부시",37.7069947266,127.053346
"317","진주수상뮤직페스티벌",2019,8,8,"경남","진주시",35.1720596687,129.1284342903
"318","코리아드라마페스티벌",2019,10,10,"경남","진주시",35.1720596687,129.1284342903
"319","개천예술제",2019,10,10,"경남","진주시",35.1720596687,129.1284342903
"320","2019 안성맞춤 남사당 바우덕이축제",2019,10,10,"경기","안성시",37.03286724,127.3078041
"321","2019 영양고추 H.O.T Festival",2019,8,8,"경북","영양군",36.66718111,129.1123668
"322","제15회 영양산나물축제",2019,5,5,"경북","영양군",36.66718111,129.1123668
"323","남일면홍도화축제",2020,4,4,"충남","금산군",36.19093401,127.5710874
"324","금산천봄꽃축제",2020,4,4,"충남","금산군",36.19093401,127.5710874
"325","비단고을산꽃축제",2020,4,4,"충남","금산군",36.19093401,127.5710874
"326","금산인삼축제",2020,10,10,"충남","금산군",36.19093401,127.5710874
"327","부처님 오신날 맞이 보천사 연등 축제",2019,5,5,"경북","구미시",36.099427,128.4017505
"328","부처님 오신날 맞이 도리사 연등 축제",2019,5,5,"경북","구미시",36.099427,128.4017505
"329","선산 비봉 민속축제",2019,5,5,"경북","구미시",36.099427,128.4017505
"330","제28회 선주원남 벚꽃축제",2019,4,4,"경북","구미시",36.099427,128.4017505
"331","3.1운동 애국지사 최재화 목사 추모행사",2019,3,3,"경북","구미시",36.099427,128.4017505
"332","도리사 해맞이 행사",2019,1,1,"경북","구미시",36.099427,128.4017505
"333","해운대 북극곰축제",2020,1,1,"부산","해운대구",35.15793348,129.1724709
"334","포항시 대학연합축제(POP)",2019,10,11,"경북","포항시",36.07675839,129.5660588
"335","호미곶한민족해맞이축전",2019,12,1,"경북","포항시",36.07675839,129.5660588
"336","포항 연날리기 한마당",2019,10,10,"경북","포항시",36.07675839,129.5660588
"337","2020 청원생명축제",2020,9,10,"충북","청주시",36.721607,127.601269
"338","제24회 단양 온달문화축제",2020,10,10,"충북","단양군",37.0629556369,128.4929220757
"339","제38회 단양 소백산 철쭉제",2020,5,5,"충북","단양군",37.0629556369,128.4929220757
"340","제5회 쌍둥이 힐링 페스티벌",2020,4,4,"충북","단양군",37.0629556369,128.4929220757
"341","음성품바축제",2020,5,5,"충북","음성군",36.9327893833,127.6910182036
"342","괴산유기농페스티벌",2020,10,10,"충북","괴산군",36.7668743766,128.0002914548
"343","괴산김장축제",2020,10,11,"충북","괴산군",36.7668743766,128.0002914548
"344","괴산고추축제",2020,9,9,"충북","괴산군",36.7668743766,128.0002914548
"345","증평인삼골축제",2020,10,10,"충북","증평군",36.7638867047,127.5955697477
"346","증평들노래축제",2020,6,6,"충북","증평군",36.7638867047,127.5955697477
"347","제14회 향수옥천 포도복숭아축제",2020,7,7,"충북","옥천군",36.3807108158,127.6893425214
"348","제33회 지용제",2020,5,5,"충북","옥천군",36.3807108158,127.6893425214
"349","제4회 라라라 페스티벌",2019,10,10,"부산","금정구",35.230188,129.089184
"350","화성시민 한마을 체육대회",2020,10,10,"경기","화성시",37.1666676365,127.1012733737
"351","2020 제9회 평생학습박람회",2020,10,10,"경기","화성시",37.1666676365,127.1012733737
"352","정조 효 문화제",2020,10,10,"경기","화성시",37.1666676365,127.1012733737
"353","2020 화성송산포도축제",2020,9,9,"경기","화성시",37.1666676365,127.1012733737
"354","화성뱃놀이축제",2020,5,5,"경기","화성시",37.1666676365,127.1012733737
"355","의정부 국제가야금축제",2020,9,9,"경기","의정부시",37.7069947266,127.053346
"356","블랙뮤직페스티벌",2020,8,8,"경기","의정부시",37.7069947266,127.053346
"357","의정부음악극축제",2020,5,5,"경기","의정부시",37.7069947266,127.053346
"358","천상병예술제",2020,4,4,"경기","의정부시",37.7069947266,127.053346
"359","동아시아 그림책 및 웹툰 페스티벌",2020,9,9,"전남","순천시",34.9366208,127.5481890924
"360","제5회 쌍둥이 힐링페스티벌",2020,4,4,"충북","단양군",37.0629556369,128.4929220757
"361","제1회 대청호 벚꽃축제",2019,4,4,"대전","동구",36.353279004,127.49789566
"362","제14회 단양마늘축제",2020,7,7,"충북","단양군",37.0629556369,128.4929220757
"363","설성문화제",2020,10,10,"충북","음성군",36.9327893833,127.6910182036
"364","생거진천 문화축제",2020,10,10,"충북","진천군",36.8290966236,127.4908239734
"365","생거진천 농다리축제",2020,5,5,"충북","진천군",36.8290966236,127.4908239734
"366","영동곶감축제",2021,1,1,"충북","영동군",36.1642048,127.7819752
"367","영동포도축제",2020,8,8,"충북","영동군",36.1642048,127.7819752
"368","대한민국와인축제",2020,10,10,"충북","영동군",36.1642048,127.7819752
"369","영동난계국악축제",2020,10,10,"충북","영동군",36.1642048,127.7819752
"370","제45회 중봉충렬제",2020,10,10,"충북","옥천군",36.3807108158,127.6893425214
"371","제12회 옥천참옻축제",2020,4,4,"충북","옥천군",36.3807108158,127.6893425214
"372","제18회 보은동학제",2020,4,4,"충북","보은군",36.53271475,127.8247988
"373","제25회 오장환문학제",2020,10,10,"충북","보은군",36.53271475,127.8247988
"374","제16회 제천국제음악영화제",2020,8,8,"충북","제천시",37.148685,128.216854
"375","제24회 청풍호 벚꽃축제",2020,4,4,"충북","제천시",37.148685,128.216854
"376","충주농산물한마당축제",2020,10,10,"충북","충주시",37.0045126238,127.9973388621
"377","충주호?꽃축제",2020,4,4,"충북","충주시",37.0045126238,127.9973388621
"378","충주호수축제",2020,8,8,"충북","충주시",37.0045126238,127.9973388621
"379","방천골목오페라축제",2018,6,6,"대구","중구",35.856117,128.616238
"380","대구 근대路야행(1회)",2018,8,8,"대구","중구",35.856117,128.616238
"381","대구 근대路야행(2회)",2018,9,9,"대구","중구",35.856117,128.616238
"382","김광석노래부르기",2018,9,9,"대구","중구",35.856117,128.616238
"383","대구화교중화문화축제",2018,10,10,"대구","중구",35.856117,128.616238
"384","대구스트리트 모터 페스티벌",2018,10,10,"대구","중구",35.856117,128.616238
"385","봉산미술제",2018,10,10,"대구","중구",35.856117,128.616238
"386","제20회 산청한방약초축제",2020,9,10,"경남","산청군",35.48759166,127.968645
"387","제12회 산청불교문화제전(미정)",2020,6,6,"경남","산청군",35.48759166,127.968645
"388","산타축제",2019,12,12,"전북","임실군",35.54520247,127.3326779
"389","임실N치즈축제",2019,10,10,"전북","임실군",35.54520247,127.3326779
"390","사선문화제",2019,9,9,"전북","임실군",35.54520247,127.3326779
"391","필봉마을굿축제",2019,8,8,"전북","임실군",35.54520247,127.3326779
"392","섬진강다슬기축제",2019,7,7,"전북","임실군",35.54520247,127.3326779
"393","화개장터벚꽃축제",2020,1,12,"경남","하동군",35.1110154687,127.8741644649
"394","알프스하동섬진강재첩축제",2020,1,12,"경남","하동군",35.1110154687,127.8741644649
"395","하동야생차문화축제",2020,1,12,"경남","하동군",35.1110154687,127.8741644649
"396","제7회 도심 속 바다축제",2019,10,10,"서울","동작구",37.4964296003,126.9551598394
"397","제5회 강진만 춤추는 갈대축제",2020,10,11,"전남","강진군",34.72004452,126.8171446
"398","제34회 비사벌문화제",2020,10,10,"경남","창녕군",35.4377269233,128.5886090589
"399","제37회 부곡온천축제",2019,4,4,"경남","창녕군",35.4377269233,128.5886090589
"400","제31회 화도진축제",2020,5,5,"인천","동구",37.476747,126.632239
"401","동구문화예술한마당&막걸리페스티벌",2019,11,11,"인천","동구",37.476747,126.632239
"402","제30회 화도진축제",2019,5,5,"인천","동구",37.476747,126.632239
"403","한중일 평화포럼 + 한중일 팝뮤직 페스티벌",2020,10,10,"전남","순천시",34.9366208,127.5481890924
"404","정월대보름달맞이축제",2015,3,3,"대구","중구",35.856117,128.616238
"405","약령개장 357주년 2015「대구약령시 한방문화축제」",2015,4,4,"대구","중구",35.856117,128.616238
"406","동성로축제",2015,5,5,"대구","중구",35.856117,128.616238
"407","봉산도예전",2015,5,5,"대구","중구",35.856117,128.616238
"408","향촌동수제화골목 2015년「빨간구두 이야기」",2015,5,5,"대구","중구",35.856117,128.616238
"409","대구화교중화문화축제",2015,10,10,"대구","중구",35.856117,128.616238
"410","봉산미술제",2015,10,10,"대구","중구",35.856117,128.616238
"411","정월대보름달맞이축제",2016,2,2,"대구","중구",35.856117,128.616238
"412","2016 대구약령시한방문화축제",2016,5,5,"대구","중구",35.856117,128.616238
"413","봉산도예전",2016,5,5,"대구","중구",35.856117,128.616238
"414","동성로축제",2016,5,5,"대구","중구",35.856117,128.616238
"415","향촌동수제화골목 2016년「빨간구두 이야기」",2016,5,5,"대구","중구",35.856117,128.616238
"416","봉산미술제",2016,10,10,"대구","중구",35.856117,128.616238
"417","대구화교중화문화축제",2016,10,10,"대구","중구",35.856117,128.616238
"418","봉산조형페스티벌 도예조각전",2017,4,5,"대구","중구",35.856117,128.616238
"419","2017 대구약령시한방문화축제",2017,5,5,"대구","중구",35.856117,128.616238
"420","동성로축제",2017,5,5,"대구","중구",35.856117,128.616238
"421","대구워터페스티벌",2017,7,7,"대구","중구",35.856117,128.616238
"422","대구 근대路야행",2017,8,8,"대구","중구",35.856117,128.616238
"423","대구화교중화문화축제",2017,10,10,"대구","중구",35.856117,128.616238
"424","대구스트리트 모터 페스티벌",2017,10,10,"대구","중구",35.856117,128.616238
"425","봉산미술제",2017,10,10,"대구","중구",35.856117,128.616238
"426","향촌동수제화골목 2017년「빨간구두 이야기」",2017,10,10,"대구","중구",35.856117,128.616238
"427","제1회 북성로 축제",2017,10,10,"대구","중구",35.856117,128.616238
"428","봉산도자기축제",2018,4,4,"대구","중구",35.856117,128.616238
"429","2018 대구약령시한방문화축제",2018,5,5,"대구","중구",35.856117,128.616238
"430","동성로축제",2018,5,5,"대구","중구",35.856117,128.616238
"431","봉산도예전",2011,4,4,"대구","중구",35.856117,128.616238
"432","「제34회 대구약령시 한방문화축제」",2011,5,5,"대구","중구",35.856117,128.616238
"433","동성로축제",2011,5,5,"대구","중구",35.856117,128.616238
"434","대구화교중화문화축제",2011,8,8,"대구","중구",35.856117,128.616238
"435","중구미술협회전",2011,10,10,"대구","중구",35.856117,128.616238
"436","봉산미술제",2011,10,10,"대구","중구",35.856117,128.616238
"437","정월대보름달맞이축제",2012,2,2,"대구","중구",35.856117,128.616238
"438","봉산도예전",2012,4,4,"대구","중구",35.856117,128.616238
"439","「제35회 대구약령시 한방문화축제」",2012,5,5,"대구","중구",35.856117,128.616238
"440","동성로축제",2012,5,5,"대구","중구",35.856117,128.616238
"441","봉산미술제",2012,10,10,"대구","중구",35.856117,128.616238
"442","대구화교중화문화축제",2012,10,10,"대구","중구",35.856117,128.616238
"443","중구미술협회전",2012,12,12,"대구","중구",35.856117,128.616238
"444","정월대보름달맞이축제",2013,2,2,"대구","중구",35.856117,128.616238
"445","봉산도예전",2013,4,4,"대구","중구",35.856117,128.616238
"446","「제36회 대구약령시 한방문화축제」",2013,5,5,"대구","중구",35.856117,128.616238
"447","동성로축제",2013,5,5,"대구","중구",35.856117,128.616238
"448","봉산미술제",2013,10,10,"대구","중구",35.856117,128.616238
"449","중구미술협회전",2013,10,10,"대구","중구",35.856117,128.616238
"450","대구화교중화문화축제",2013,10,10,"대구","중구",35.856117,128.616238
"451","정월대보름달맞이축제",2014,2,2,"대구","중구",35.856117,128.616238
"452","봉산도예전",2014,4,4,"대구","중구",35.856117,128.616238
"453","「제37회 대구약령시 한방문화축제」",2014,10,10,"대구","중구",35.856117,128.616238
"454","동성로축제",2014,10,10,"대구","중구",35.856117,128.616238
"455","대구화교중화문화축제",2014,10,10,"대구","중구",35.856117,128.616238
"456","봉산미술제",2014,10,10,"대구","중구",35.856117,128.616238
"457","중구미술협회전",2014,11,11,"대구","중구",35.856117,128.616238
"458","향촌동수제화골목 2014년「빨간구두 이야기」",2014,11,11,"대구","중구",35.856117,128.616238
"459","단감축제",2017,11,11,"전남","장성군",35.440252,126.883232
"460","장성가을 노란꽃잔치",2017,10,10,"전남","장성군",35.440252,126.883232
"461","토지문학제",2020,1,12,"경남","하동군",35.1110154687,127.8741644649
"462","2019해우리문화축제",2019,9,9,"서울","양천구",39.516601,128.863871
"463","제25회 지리산 바래봉 철쭉제",2019,5,5,"전북","남원시",35.3769935,127.581604
"464","제89회 춘향제",2019,5,5,"전북","남원시",35.3769935,127.581604
"465","제31회 지리산 뱀사골 고로쇠 약수제",2019,3,3,"전북","남원시",35.3769935,127.581604
"466","한라산청정 고사리축제",2019,4,4,"제주","서귀포시",33.4621467,126.9364271
"467","제주유채꽃축제",2019,4,4,"제주","서귀포시",33.4621467,126.9364271
"468","가파도청보리축제",2019,3,5,"제주","서귀포시",33.4621467,126.9364271
"469","2018 제8회 광나루 어울마당",2018,9,9,"서울","광진구",37.544936,127.110741
"470","2018 제2회 광진교 페스티벌",2018,8,8,"서울","광진구",37.544936,127.110741
"471","2019 제8회 서울동화축제",2019,5,5,"서울","광진구",37.544936,127.110741
"472","제99주년 3·1만세의 날 거리축제",2018,3,3,"서울","종로구",37.583488,127.004425
"473","단기4351년 개천절 대제전",2018,10,10,"서울","종로구",37.583488,127.004425
"474","단기4351년 어천절 대제전",2018,3,3,"서울","종로구",37.583488,127.004425
"475","D.FESTA 대학로 거리공연축제",2018,5,5,"서울","종로구",37.583488,127.004425
"476","금난새와 함께하는 종로 음악회",2018,8,8,"서울","종로구",37.583488,127.004425
"477","밀양아리랑대축제",2017,5,5,"경남","밀양시",35.4915418,128.7551172
"478","고창복분자와수박축제",2019,6,6,"전북","고창군",35.4311962737,126.7383543955
"479","동학농민혁명 무장기포기념제",2019,4,4,"전북","고창군",35.4311962737,126.7383543955
"480","고창청보리밭축제",2019,4,5,"전북","고창군",35.4311962737,126.7383543955
"481","정월대보름달맞이축제",2011,2,2,"대구","중구",35.856117,128.616238
"482","봉산미술제",2013,10,10,"대구","중구",35.856117,128.616238
"483","제8회의성세계연축제",2019,5,5,"경북","의성군",36.35137471,128.6768191
"484","마임교실 운영지원",2019,5,9,"강원","춘천시",37.8564737,127.7467644
"485","전국합창경연대회",2019,8,8,"강원","춘천시",37.8564737,127.7467644
"486","전국관악경연대회",2019,8,8,"강원","춘천시",37.8564737,127.7467644
"487","춘천인음악회",2019,6,6,"강원","춘천시",37.8564737,127.7467644
"488","제15회 차성문화제",2019,10,10,"부산","기장군",35.2448828028,129.2183134038
"489","2018 종로한복축제",2018,10,10,"서울","종로구",37.583488,127.004425
"490","북천코스모스메밀꽃축제",2020,1,12,"경남","하동군",35.1110154687,127.8741644649
"491","세종마을 세종주간 축제",2018,10,10,"서울","종로구",37.583488,127.004425
"492","세종탄신 620돌 축하연",2018,5,5,"서울","종로구",37.583488,127.004425
"493","2019 오륙도 평화축제",2019,10,10,"부산","남구",35.1262607055,129.1003506628
"494","금호강 정월대보름 축제",2019,2,2,"대구","북구",35.9066389621,128.6005354637
"495","해맞이 행사",2019,1,1,"대구","북구",35.9066389621,128.6005354637
"496","정선아리랑제",2017,9,10,"강원","정선군",37.14853562,128.898962
"497","민둥산억새꽃축제",2017,9,10,"강원","정선군",37.14853562,128.898962
"498","2019 공주 석장리 구석기축제",2019,5,5,"충남","공주시",36.36030634,127.2509274183
"499","2019 웅진성수문병 근무교대식",2019,5,11,"충남","공주시",36.36030634,127.2509274183
"500","제58회 천령문화제",2019,10,10,"경남","함양군",35.52424257,127.7206714
"501","보목자리돔축제",2019,5,6,"제주","서귀포시",33.4621467,126.9364271
"502","2019합천 바캉스축제",2019,7,7,"경남","합천군",35.5645227542,128.169412811
"503","고스트파크",2019,7,8,"경남","합천군",35.5645227542,128.169412811
"504","제23회 황매산철쭉제",2019,4,5,"경남","합천군",35.5645227542,128.169412811
"505","제35회 대야문화제",2019,9,9,"경남","합천군",35.5645227542,128.169412811
"506","홍길동축제",2017,4,4,"전남","장성군",35.440252,126.883232
"507","백양단풍축제",2017,10,10,"전남","장성군",35.440252,126.883232
"508","고로쇠축제",2017,3,3,"전남","장성군",35.440252,126.883232
"509","산소축제",2017,9,9,"전남","장성군",35.440252,126.883232
"510","횡성더덕축제",2020,9,9,"강원","횡성군",37.5119262021,128.2190272252
"511","둔내고랭지토마토축제",2020,8,8,"강원","횡성군",37.5119262021,128.2190272252
"512","제50회 아림예술제",2020,9,9,"경남","거창군",35.6920941326,127.9290613738
"513","거창한마당대축제",2020,9,9,"경남","거창군",35.6920941326,127.9290613738
"514","청주문화재야행",2020,8,8,"충북","청주시",36.721607,127.601269
"515","청주읍성큰잔치",2020,9,9,"충북","청주시",36.721607,127.601269
"516","봉산도예전",2012,4,4,"대구","중구",35.856117,128.616238
"517","정월대보름달맞이축제",2012,2,2,"대구","중구",35.856117,128.616238
"518","제16회 방선문축제",2019,5,5,"제주","제주시",33.4926799,126.9517219
"519","제18회삼양검은모래축제",2019,7,7,"제주","제주시",33.4926799,126.9517219
"520","추자도 참굴비 대축제",2019,9,9,"제주","제주시",33.4926799,126.9517219
"521","2019 jeju 이호테우축제",2019,8,8,"제주","제주시",33.4926799,126.9517219
"522","양양문화제",2019,6,6,"강원","양양군",38.073761,128.625101
"523","양양연어축제",2019,10,10,"강원","양양군",38.073761,128.625101
"524","양양송이축제",2019,9,9,"강원","양양군",38.073761,128.625101
"525","제21회 진잠주민화합한마당",2019,10,10,"대전","유성구",36.3985684,127.4053327
"526","제14회 구즉한마당축제",2019,10,10,"대전","유성구",36.3985684,127.4053327
"527","제9회 관평골축제",2019,10,10,"대전","유성구",36.3985684,127.4053327
"528","제4회 온천1·2동한마당축제",2019,10,10,"대전","유성구",36.3985684,127.4053327
"529","제6회 스마일원신흥축제",2019,9,9,"대전","유성구",36.3985684,127.4053327
"530","2019 노은한마음축제",2019,9,9,"대전","유성구",36.3985684,127.4053327
"531","겨울왕국 제천페스티벌",2019,12,1,"충북","제천시",37.148685,128.216854
"532","제천의병제",2019,10,10,"충북","제천시",37.148685,128.216854
"533","제천국제음악영화제",2019,8,8,"충북","제천시",37.148685,128.216854
"534","청풍호벚꽃축제",2019,4,4,"충북","제천시",37.148685,128.216854
"535","봉산도예전",2014,4,4,"대구","중구",35.856117,128.616238
"536","정월대보름달맞이축제",2014,2,2,"대구","중구",35.856117,128.616238
"537","대구화교중화문화축제",2013,10,10,"대구","중구",35.856117,128.616238
"538","중구미술협회전",2013,10,10,"대구","중구",35.856117,128.616238
"539","도솔산지구전투 전승행사",2019,6,6,"강원","양구군",38.291042,128.143313
"540","곰취축제",2019,5,5,"강원","양구군",38.291042,128.143313
"541","동성로축제",2012,5,5,"대구","중구",35.856117,128.616238
"542","「제35회 대구약령시 한방문화축제」",2012,5,5,"대구","중구",35.856117,128.616238
"543","인제빙어축제",2019,1,2,"강원","인제군",37.9640042,128.4051257
"544","진동계곡산나물축제",2019,5,5,"강원","인제군",37.9640042,128.4051257
"545","황태축제",2019,6,6,"강원","인제군",37.9640042,128.4051257
"546","단종문화제",2018,4,4,"강원","영월군",37.079689,128.60173
"547","계룡산산신제",2017,4,4,"충남","공주시",36.36030634,127.2509274183
"548","공주 석장리 구석기축제",2017,5,5,"충남","공주시",36.36030634,127.2509274183
"549","송호해변여름축제",2019,7,7,"전남","해남군",34.4036574,126.6280888
"550","땅끝수국축제",2019,6,7,"전남","해남군",34.4036574,126.6280888
"551","연호보리축제",2019,4,5,"전남","해남군",34.4036574,126.6280888
"552","흑석산 철쭉제",2019,4,4,"전남","해남군",34.4036574,126.6280888
"553","달마고도 걷기축제",2019,3,3,"전남","해남군",34.4036574,126.6280888
"554","땅끝매화축제",2019,3,3,"전남","해남군",34.4036574,126.6280888
"555","설문대할망 페스티벌 2019",2019,5,5,"제주","제주시",33.4926799,126.9517219
"556","한라산청정고사리축제",2019,4,4,"제주","서귀포시",33.4621467,126.9364271
"557","2019 제주 봄여행주간",2019,4,5,"제주","제주시",33.4926799,126.9517219
"558","자라섬 국제재즈페스티벌",2019,10,10,"경기","가평군",37.8209476,127.5208644
"559","문광은행나무마을축제",2018,10,10,"충북","괴산군",36.7668743766,128.0002914548
"560","감물감자축제",2019,6,6,"충북","괴산군",36.7668743766,128.0002914548
"561","괴산올갱이축제",2018,8,8,"충북","괴산군",36.7668743766,128.0002914548
"562","수성빛예술제",2020,12,1,"대구","수성구",35.849688,128.695676
"563","횡성한우축제",2020,10,10,"강원","횡성군",37.5119262021,128.2190272252
"564","안흥찐빵축제",2020,10,10,"강원","횡성군",37.5119262021,128.2190272252
"565","용마폭포 문화예술축제",2020,10,10,"서울","중랑구",37.573335,127.089125
"566","서울장미축제",2020,5,5,"서울","중랑구",37.573335,127.089125
"567","제16회 구리한강 유채꽃 축제",2016,5,5,"경기","구리시",38.342841,128.081044
"568","제15회 구리 코스모스 축제",2015,10,10,"경기","구리시",38.342841,128.081044
"569","제15회 구리한강 유채꽃 축제",2015,5,5,"경기","구리시",38.342841,128.081044
"570","홍성남당항 새조개축제",2019,2,2,"충남","홍성군",36.6017196006,126.6613896244
"571","광천토굴새우젓광천김축제",2018,10,10,"충남","홍성군",36.6017196006,126.6613896244
"572","천안호두축제",2019,10,10,"충남","천안시",36.7886525548,127.2580712772
"573","천안성환배축제",2019,10,10,"충남","천안시",36.7886525548,127.2580712772
"574","입장거봉포도축제",2019,9,9,"충남","천안시",36.7886525548,127.2580712772
"575","서리풀페스티벌",2018,9,9,"서울","서초구",37.483601,127.032662
"576","부여서동연꽃축제",2018,7,7,"충남","부여군",36.27145891,126.9136908
"577","백제문화제",2018,9,9,"충남","부여군",36.27145891,126.9136908
"578","거제 옥포대첩 축제",2019,6,6,"경남","거제시",34.8663092998,128.7246401188
"579","거제맹종대나무축제",2019,4,4,"경남","거제시",34.8663092998,128.7246401188
"580","제11회 연수 능허대 문화축제",2020,10,10,"인천","연수구",37.41807754,126.6824114
"581","제2회 인천 송도크루즈 불꽃축제",2020,8,8,"인천","연수구",37.41807754,126.6824114
"582","안동국제탈춤축제",2020,9,10,"경북","안동시",36.5662343,128.7342615
"583","안동민속축제",2020,9,10,"경북","안동시",36.5662343,128.7342615
"584","제13회 봄사랑 가족축제",2020,5,5,"경기","화성시",37.1666676365,127.1012733737
"585","제21회 화성 효 마라톤 대회",2020,5,5,"경기","화성시",37.1666676365,127.1012733737
"586","제11회 푸른 화성 지키기 환경자전거 대행진",2020,4,4,"경기","화성시",37.1666676365,127.1012733737
"587","동해무릉제",2020,10,10,"강원","동해시",37.5230127,129.1143227
"588","제12회 경남어르신 농악경연대회",2020,2,2,"경남","거창군",35.6920941326,127.9290613738
"589","양록제",2019,10,10,"강원","양구군",38.291042,128.143313
"590","DMZ마라톤대회",2019,8,8,"강원","양구군",38.291042,128.143313
"591","배꼽축제",2019,8,8,"강원","양구군",38.291042,128.143313
"592","「제34회 대구약령시 한방문화축제」",2011,5,5,"대구","중구",35.856117,128.616238
"593","2018 공주 석장리 세계구석기축제",2018,5,5,"충남","공주시",36.36030634,127.2509274183
"594","영덕물가자미축제",2018,5,5,"경북","영덕군",36.509106,129.446771
"595","영덕황금은어축제",2018,7,7,"경북","영덕군",36.509106,129.446771
"596","영덕대게축제",2018,3,3,"경북","영덕군",36.509106,129.446771
"597","해맞이축제",2018,12,1,"경북","영덕군",36.509106,129.446771
"598","고흥 우주항공 축제",2019,5,5,"전남","고흥군",34.453579425,127.5181512695
"599","제 9회 수월봉 트레일",2019,4,4,"제주","제주시",33.4926799,126.9517219
"600","제23회 전라병영성 축제",2020,4,5,"전남","강진군",34.72004452,126.8171446
"601","문화재야행",2020,7,7,"전남","순천시",34.9366208,127.5481890924
"602","2020 순천시민 소망기원 정월대보름행사",2020,2,2,"전남","순천시",34.9366208,127.5481890924
"603","제32회 율곡문화제",2019,10,10,"경기","파주시",37.8649742284,126.8696173152
"604","파주북소리2019",2019,11,11,"경기","파주시",37.8649742284,126.8696173152
"605","2019 무한청춘 페스티벌",2019,9,9,"강원","춘천시",37.8564737,127.7467644
"606","문화의거리 문화한마당",2019,8,9,"강원","춘천시",37.8564737,127.7467644
"607","제3회 제주오라 청보리 & 유채꽃 축제",2019,4,5,"제주","제주시",33.4926799,126.9517219
"608","삼다공원 야간콘서트·야몬딱털장",2019,4,8,"제주","제주시",33.4926799,126.9517219
"609","탐라문화콘서트 - 놀젠놀장",2019,4,5,"제주","제주시",33.4926799,126.9517219
"610","제11회 우도소라축제",2019,4,4,"제주","제주시",33.4926799,126.9517219
"611","제37회 제주유채꽃축제",2019,4,4,"제주","서귀포시",33.4621467,126.9364271
"612","가파도청보리축제",2019,3,5,"제주","서귀포시",33.4621467,126.9364271
"613","서귀포 유채꽃 국제걷기대회",2019,3,3,"제주","서귀포시",33.4621467,126.9364271
"614","광복로연등문화제",2020,4,5,"부산","중구",35.0990580895,129.033396916
"615","조선통신사 축제",2020,10,10,"부산","중구",35.0990580895,129.033396916
"616","의정부시평생학습박람회",2020,5,5,"경기","의정부시",37.7069947266,127.053346
"617","2020 푸른별 콘서트",2020,12,12,"경기","의정부시",37.7069947266,127.053346
"618","대구화교중화문화축제",2014,10,10,"대구","중구",35.856117,128.616238
"619","동성로축제",2014,10,10,"대구","중구",35.856117,128.616238
"620","제16회 추억의 충장축제",2019,10,10,"광주","동구",35.1458272,126.9233266
"621","장미꽃 필(feel)무렵",2020,5,5,"대구","달서구",35.8507464815,128.5616533709
"622","달서가족축제",2020,5,5,"대구","달서구",35.8507464815,128.5616533709
"623","목포 유달산 봄 축제",2020,4,4,"전남","목포시",34.7942414236,126.3713543658
"624","2014 안양시민축제",2014,9,9,"경기","안양시",37.39013727,126.9613302
"625","2016 제5회 안양공공예술프로젝트",2016,10,12,"경기","안양시",37.39013727,126.9613302
"626","2016 안양 아줌마축제",2016,5,5,"경기","안양시",37.39013727,126.9613302
"627","제64회 백제문화제",2018,9,9,"충남","공주시",36.36030634,127.2509274183
"628","2018 마곡사토요무대",2018,7,8,"충남","공주시",36.36030634,127.2509274183
"629","2018 계룡산벚꽃축제",2018,4,4,"충남","공주시",36.36030634,127.2509274183
"630","제15회 마곡사신록축제",2018,5,5,"충남","공주시",36.36030634,127.2509274183
"631","2018 계룡산산신제",2018,4,5,"충남","공주시",36.36030634,127.2509274183
"632","고려산진달래축제",2019,4,4,"인천","강화군",37.7737095237,126.4353364918
"633","추억의충장축제",2019,10,10,"광주","동구",35.1458272,126.9233266
"634","굿모닝 양림",2019,10,10,"광주","남구",35.1469145949,126.9199953604
"635","완주 프러포즈축제",2020,5,5,"전북","완주군",35.97398096,127.2315514
"636","완주와일드푸드축제",2020,10,10,"전북","완주군",35.97398096,127.2315514
"637","2020 대한민국정원산업박람회",2020,10,10,"전남","순천시",34.9366208,127.5481890924
"638","2020 동아시아문화도시 폐막행사",2020,11,11,"전남","순천시",34.9366208,127.5481890924
"639","한중일 평화포럼 + 한중일 팝뮤직 페스티벌",2020,10,10,"전남","순천시",34.9366208,127.5481890924
"640","청남대 재즈토닉 페스티벌",2020,5,5,"충북","청주시",36.721607,127.601269
"641","제14회 세종대왕과 초정약수축제",2020,5,5,"충북","청주시",36.721607,127.601269
"642","소래포구축제",2019,9,9,"인천","남동구",37.3834912311,126.708355947
"643","청송사과축제",2020,10,11,"경북","청송군",36.432499,129.054312
"644","인천 원도사제",2020,10,10,"인천","미추홀구",37.458746,126.679586
"645","불갑산상사화축제",2020,9,9,"전남","영광군",35.1996745294,126.5500458727
"646","아트제주2019",2019,11,12,"제주","제주시",33.4926799,126.9517219
"647","산지천 축제",2019,9,9,"제주","제주시",33.4926799,126.9517219
"648","누웨마루 페스티벌",2019,9,10,"제주","제주시",33.4926799,126.9517219
"649","제28회 함안낙화놀이",2019,5,5,"경남","함안군",35.3088380348,128.5185567069
"650","무술년 삼칠민속줄다리기",2019,3,3,"경남","함안군",35.3088380348,128.5185567069
"651","제32회 함안아라문화제",2019,4,4,"경남","함안군",35.3088380348,128.5185567069
"652","청원생명축제",2018,10,10,"충북","청주시",36.721607,127.601269
"653","세종대왕과 초정약수 축제",2018,5,5,"충북","청주시",36.721607,127.601269
"654","제26회 연천구석기축제",2018,5,5,"경기","연천군",38.0141103,127.0572224
"655","제14회 기산국악제전",2020,9,9,"경남","산청군",35.48759166,127.968645
"656","제44회 남명선비문화축제",2020,10,10,"경남","산청군",35.48759166,127.968645
"657","제47회 지리산평화제",2020,10,10,"경남","산청군",35.48759166,127.968645
"658","남사예담촌 전통문화제",2020,5,5,"경남","산청군",35.48759166,127.968645
"659","군산시간여행축제",2020,10,10,"전북","군산시",35.9877262668,126.7117249814
"660","속리산 신화여행축제",2020,7,8,"충북","보은군",36.53271475,127.8247988
"661","동래읍성역사축제",2020,10,10,"부산","동래구",35.2119523421,129.0905440278
"662","부산고등어축제",2019,10,10,"부산","서구",35.07682117,129.0180502
"663","현인가요제",2019,8,8,"부산","서구",35.07682117,129.0180502
"664","광양숯불구이축제",2020,6,6,"전남","광양시",34.97164706,127.7587907
"665","울산옹기축제",2020,5,5,"울산","울주군",35.359037106,129.360675338
"666","청룡문화제",2020,10,10,"서울","동대문구",37.56201359,127.0641794
"667","세계거리춤축제",2020,9,9,"서울","동대문구",37.56201359,127.0641794
"668","서울약령시 한방문화축제",2020,5,5,"서울","동대문구",37.56201359,127.0641794
"669","풍암골 신암마을 당산제",2020,2,2,"광주","서구",35.15202894,126.890113
"670","2020 직지코리아 페스티벌",2020,9,9,"충북","청주시",36.721607,127.601269
"671","법성포단오제",2020,6,6,"전남","영광군",35.1996745294,126.5500458727
"672","강원아트페어춘천전",2019,6,6,"강원","춘천시",37.8564737,127.7467644
"673","춘천국제고음악제",2019,9,9,"강원","춘천시",37.8564737,127.7467644
"674","중문칠선녀축제",2019,10,10,"제주","서귀포시",33.4621467,126.9364271
"675","덕수리 전통민속축제",2019,10,10,"제주","서귀포시",33.4621467,126.9364271
"676","서귀포칠십리축제",2019,9,9,"제주","서귀포시",33.4621467,126.9364271
"677","은평누리축제",2019,10,10,"서울","은평구",37.5986174183,126.915845525
"678","2019 군포철쭉축제",2019,4,4,"경기","군포시",37.3548052,126.9225521
"679","제22회 찰옥수수축제",2018,7,7,"강원","홍천군",37.7173326221,128.173191527
"680","제2회 별빛음악맥주축제",2018,8,8,"강원","홍천군",37.7173326221,128.173191527
"681","인삼한우명품축제",2018,10,10,"강원","홍천군",37.7173326221,128.173191527
"682","진주남강유등축제",2019,10,10,"경남","진주시",35.1720596687,129.1284342903
"683","장수 한우랑 사과랑 축제",2020,10,11,"전북","장수군",35.6411154,127.5181094
"684","어린이 축제",2020,5,5,"인천","중구",37.4790517286,126.6272437933
"685","자유공원 벚꽃축제",2020,4,4,"인천","중구",37.4790517286,126.6272437933
"686","제물포 문화선교축제",2020,4,4,"인천","중구",37.4790517286,126.6272437933
"687","목도백중놀이",2018,10,10,"충북","괴산군",36.7668743766,128.0002914548
"688","연풍조령제 및 자전거문화축제",2018,10,10,"충북","괴산군",36.7668743766,128.0002914548
"689","백마권역겨울놀이축제",2019,1,1,"충북","괴산군",36.7668743766,128.0002914548
"690","만드리 풍년제",2020,7,7,"광주","서구",35.15202894,126.890113
"691","전국 애송시 낭송대회",2020,5,5,"광주","서구",35.15202894,126.890113
"692","서구민한가족대축제",2020,5,5,"광주","서구",35.15202894,126.890113
"693","지곡왕산포서산갯마을축제",2016,6,6,"충남","서산시",36.71355717,126.5503842
"694","류방택 별 축제",2016,5,5,"충남","서산시",36.71355717,126.5503842
"695","제19회 도두오래물축제",2019,8,9,"제주","제주시",33.4926799,126.9517219
"696","세계청년축제",2019,7,7,"광주","동구",35.1458272,126.9233266
"697","제7회 월대천 축제",2019,7,7,"제주","제주시",33.4926799,126.9517219
"698","2019 탐라문화광장 하하페스티벌",2019,6,7,"제주","제주시",33.4926799,126.9517219
"699","정의공주와 함께 하는 도봉 한글잔치",2015,10,10,"서울","도봉구",37.6707774,127.0483768
"700","정월대보름 큰잔치",2015,3,3,"서울","도봉구",37.6707774,127.0483768
"701","도봉서원 춘·추향제",2015,4,10,"서울","도봉구",37.6707774,127.0483768
"702","도봉산 산사축제",2015,10,10,"서울","도봉구",37.6707774,127.0483768
"703","도봉구민 건강축제",2015,10,10,"서울","도봉구",37.6707774,127.0483768
"704","도봉 과학축전",2015,10,10,"서울","도봉구",37.6707774,127.0483768
"705","도봉구 등축제",2015,9,9,"서울","도봉구",37.6707774,127.0483768
"706","정의공주와 함께 하는 도봉 한글잔치",2015,10,10,"서울","도봉구",37.6707774,127.0483768
"707","정월대보름 큰잔치",2015,3,3,"서울","도봉구",37.6707774,127.0483768
"708","도봉서원 춘·추향제",2015,4,10,"서울","도봉구",37.6707774,127.0483768
"709","도봉산 산사축제",2015,10,10,"서울","도봉구",37.6707774,127.0483768
"710","도봉구민 건강축제",2015,10,10,"서울","도봉구",37.6707774,127.0483768
"711","도봉 과학축전",2015,10,10,"서울","도봉구",37.6707774,127.0483768
"712","도봉구 등축제",2015,9,9,"서울","도봉구",37.6707774,127.0483768
"713","장보고수산물축제",2019,5,5,"전남","완도군",34.1797107442,126.8577890642
"714","영암호해맞이축제",2019,1,1,"전남","영암군",34.7919635,126.6850264
"715","기찬월출산국화축제",2019,10,11,"전남","영암군",34.7919635,126.6850264
"716","영암왕인문화축제",2019,4,4,"전남","영암군",34.7919635,126.6850264
"717","예래생태체험축제",2019,7,7,"제주","서귀포시",33.4621467,126.9364271
"718","한여름밤 솜반천 청소년영상문화축제",2019,7,7,"제주","서귀포시",33.4621467,126.9364271
"719","서창만드리풍년제",2019,7,7,"광주","서구",35.15202894,126.890113
"720","고싸움놀이축제(2차)",2019,8,8,"광주","남구",35.1469145949,126.9199953604
"721","당항포대첩축제",2019,4,4,"경남","고성군",35.0532261508,128.3920276219
"722","태강릉 문화제",2019,4,4,"서울","노원구",37.624881,127.093038
"723","노원등축제",2019,4,5,"서울","노원구",37.624881,127.093038
"724","노원탈축제",2019,10,10,"서울","노원구",37.624881,127.093038
"725","춘장대해수욕장 여름문화예술축제",2020,7,8,"충남","서천군",36.07994424,126.7987047
"726","춘장대해수욕장 여름문화예술축제",2020,7,8,"충남","서천군",36.0799445,126.7987047
"727","제51회 서덕출 봄편지 노래비 글쓰기 및 그리기대회",2020,5,5,"울산","중구",35.5747570504,129.3474699268
"728","2020년 울산병영3.1만세운동 제21회 재현행사",2020,4,4,"울산","중구",35.5747570504,129.3474699268
"729","2020 문화의거리 현대미술제",2020,4,5,"울산","중구",35.5747570504,129.3474699268
"730","동성로축제",2013,5,5,"대구","중구",35.856117,128.616238
"731","「제36회 대구약령시 한방문화축제」",2013,5,5,"대구","중구",35.856117,128.616238
"732","봉산도예전",2013,4,4,"대구","중구",35.856117,128.616238
"733","정월대보름달맞이축제",2013,2,2,"대구","중구",35.856117,128.616238
"734","중구미술협회전",2012,12,12,"대구","중구",35.856117,128.616238
"735","대구화교중화문화축제",2012,10,10,"대구","중구",35.856117,128.616238
"736","천안흥타령춤축제",2019,9,9,"충남","천안시",36.7886525548,127.2580712772
"737","들노래축제",2019,6,6,"충북","증평군",36.7638867047,127.5955697477
"738","청천환경문화축제",2018,8,8,"충북","괴산군",36.7668743766,128.0002914548
"739","괴산고추축제",2019,8,9,"충북","괴산군",36.7668743766,128.0002914548
"740","정월대보름달맞이축제",2016,2,2,"대구","중구",35.856117,128.616238
"741","봉산미술제",2015,10,10,"대구","중구",35.856117,128.616238
"742","대구화교중화문화축제",2015,10,10,"대구","중구",35.856117,128.616238
"743","향촌동수제화골목 2015년「빨간구두 이야기」",2015,5,5,"대구","중구",35.856117,128.616238
"744","봉산도예전",2015,5,5,"대구","중구",35.856117,128.616238
"745","동성로축제",2015,5,5,"대구","중구",35.856117,128.616238
"746","지리산 뱀사골 단풍제",2019,10,10,"전북","남원시",35.3769935,127.581604
"747","흥부제",2019,10,10,"전북","남원시",35.3769935,127.581604
"748","제24회 봉화산 철쭉제",2019,5,5,"전북","남원시",35.3769935,127.581604
"749","봉산도예전",2011,4,4,"대구","중구",35.856117,128.616238
"750","함창명주페스티벌",2018,9,9,"경북","상주시",36.576525,128.160039
"751","하동북천꽃양귀비축제",2020,1,12,"경남","하동군",35.1110154687,127.8741644649
"752","상주 이야기축제",2018,10,10,"경북","상주시",36.576525,128.160039
"753","제3회 노은3동한마음축제",2019,9,9,"대전","유성구",36.3985684,127.4053327
"754","제17회 한여름밤의 축제",2019,8,8,"대전","유성구",36.3985684,127.4053327
"755","제13회 신성한마음축제",2019,8,8,"대전","유성구",36.3985684,127.4053327
"756","효문화뿌리축제",2019,9,9,"대전","중구",36.2859869,127.3836984
"757","포은문화제",2020,10,10,"경기","용인시",37.24086706,127.1779688
"758","할미성 대동제",2020,10,10,"경기","용인시",37.24086706,127.1779688
"759","2019 보정역생활문화센터 <청춘파티  - 특별프로그램>",2019,12,12,"경기","용인시",37.24086706,127.1779688
"760","청산도슬로우걷기축제",2019,4,5,"전남","완도군",34.1797107442,126.8577890642
"761","제8회 세계인형음악극축제",2019,8,8,"경북","칠곡군",35.9919995726,128.417300347
"762","제7회 낙동강세계평화문화 대축전",2019,10,10,"경북","칠곡군",35.9919995726,128.417300347
"763","제6회 낙동강세계평화 문화대축전",2018,10,10,"경북","칠곡군",35.9919995726,128.417300347
"764","제7회 칠곡 세계 인형음악극 축제",2018,8,8,"경북","칠곡군",35.9919995726,128.417300347
"765","제5회 낙동강세계평화 문화대축전",2017,9,9,"경북","칠곡군",35.9919995726,128.417300347
"766","제6회 칠곡 세계 인형음악극 축제",2017,8,8,"경북","칠곡군",35.9919995726,128.417300347
"767","제4회 낙동강세계평화 문화대축전",2016,9,10,"경북","칠곡군",35.9919995726,128.417300347
"768","제5회 칠곡 세계 인형음악극 축제",2016,8,8,"경북","칠곡군",35.9919995726,128.417300347
"769","제3회 낙동강세계평화 문화대축전",2015,10,10,"경북","칠곡군",35.9919995726,128.417300347
"770","제4회 칠곡 세계 인형음악극 축제",2015,8,8,"경북","칠곡군",35.9919995726,128.417300347
"771","제65회 백제문화제",2019,9,10,"충남","공주시",36.36030634,127.2509274183
"772","공주 금강여름축제",2019,7,7,"충남","공주시",36.36030634,127.2509274183
"773","대구화교중화문화축제",2016,10,10,"대구","중구",35.856117,128.616238
"774","봉산미술제",2016,10,10,"대구","중구",35.856117,128.616238
"775","향촌동수제화골목 2016년「빨간구두 이야기」",2016,5,5,"대구","중구",35.856117,128.616238
"776","동성로축제",2016,5,5,"대구","중구",35.856117,128.616238
"777","봉산도예전",2016,5,5,"대구","중구",35.856117,128.616238
"778","2016 대구약령시한방문화축제",2016,5,5,"대구","중구",35.856117,128.616238
"779","부천세계비보이대회",2019,9,9,"경기","부천시",37.4791781,126.7889915
"780","부천국제만화축제",2019,8,8,"경기","부천시",37.4791781,126.7889915
"781","부천전국비보이대회",2019,4,4,"경기","부천시",37.4791781,126.7889915
"782","제6회 상록수문화제",2018,9,9,"경기","안산시",37.299644,126.8627
"783","여르미오페스티벌",2018,8,8,"경기","안산시",37.299644,126.8627
"784","안산국제거리극축제",2018,5,5,"경기","안산시",37.299644,126.8627
"785","2017 안산시 평생학습 박람회 & 제7회 안산시도서관책문화축제",2017,10,10,"경기","안산시",37.299644,126.8627
"786","제5회 상록수문화제",2017,9,9,"경기","안산시",37.299644,126.8627
"787","제10주년 세계인의 날 기념행사",2017,5,5,"경기","안산시",37.299644,126.8627
"788","안산국제거리극축제",2017,5,5,"경기","안산시",37.299644,126.8627
"789","2016 평생학습 박람회 & 제6회 도서관책문화축제",2016,10,10,"경기","안산시",37.299644,126.8627
"790","제4회 상록수문화제",2016,9,9,"경기","안산시",37.299644,126.8627
"791","여르미오페스티벌",2016,8,8,"경기","안산시",37.299644,126.8627
"792","제9회 세계인의 날 기념행사",2016,5,5,"경기","안산시",37.299644,126.8627
"793","안산국제거리극축제",2016,5,5,"경기","안산시",37.299644,126.8627
"794","안산시도서관책문화축제",2015,10,10,"경기","안산시",37.299644,126.8627
"795","제3회 상록수문화제",2015,9,9,"경기","안산시",37.299644,126.8627
"796","국제보디페인팅축제",2019,8,8,"대구","달서구",35.8507464815,128.5616533709
"797","대구국제호러페스티벌",2019,8,8,"대구","수성구",35.849688,128.695676
"798","대구치맥페스티벌",2019,7,7,"대구","달서구",35.8507464815,128.5616533709
"799","대구포크페스티벌",2019,7,7,"대구","동구",35.86471972,128.7142948
"800","대구약령시한방문화축제",2019,5,5,"대구","중구",35.856117,128.616238
"801","형형색색달구벌관등놀이",2019,4,5,"대구","남구",35.840562,128.606693
"802","동아시아보자기페스티벌",2019,9,9,"대구","북구",35.9066389621,128.6005354637
"803","대구국제뮤지컬페스티벌",2019,6,7,"대구","북구",35.9066389621,128.6005354637
"804","안산 대부포도축제",2015,9,9,"경기","안산시",37.299644,126.8627
"805","제17회 구리 유채꽃 축제",2017,5,5,"경기","구리시",38.342841,128.081044
"806","대구국제패션문화페스티벌",2019,10,10,"대구","북구",35.9066389621,128.6005354637
"807","제1회 천년나주목읍성문화축제",2019,5,5,"전남","나주시",35.0328694,126.7166816
"808","제15회 영산포 홍어축제",2019,4,4,"전남","나주시",35.0328694,126.7166816
"809","제5회 나주마한문화축제",2019,10,10,"전남","나주시",35.0328694,126.7166816
"810","지리산 바래봉 눈꽃축제",2018,12,2,"전북","남원시",35.3769935,127.581604
"811","원동매화축제",2019,3,3,"경남","양산시",35.377627846,129.1434288
"812","배내골사과축제",2018,11,11,"경남","양산시",35.377627846,129.1434288
"813","원동청정미나리축제",2019,3,3,"경남","양산시",35.377627846,129.1434288
"814","배내골고로쇠축제",2019,3,3,"경남","양산시",35.377627846,129.1434288
"815","부천국제판타스틱영화제",2019,6,7,"경기","부천시",37.4791781,126.7889915
"816","삼척맹방유채꽃축제",2018,4,4,"강원","삼척시",37.405447,129.205264
"817","무의도 춤축제",2020,8,8,"인천","중구",37.4790517286,126.6272437933
"818","여름철 해변행사",2020,8,8,"인천","중구",37.4790517286,126.6272437933
"819","신안튤립축제",2019,4,4,"전남","신안군",34.8336429223,126.3514080238
"820","고창모양성제",2019,10,10,"전북","고창군",35.4311962737,126.7383543955
"821","대구국제오페라축제",2019,9,10,"대구","북구",35.9066389621,128.6005354637
"822","대구국제재즈축제",2019,9,9,"대구","중구",35.856117,128.616238
"823","2019컬러풀대구페스티벌",2019,5,5,"대구","중구",35.856117,128.616238
"824","제6회 국제전기자동차엑스포",2019,5,5,"제주","서귀포시",33.4621467,126.9364271
"825","제주,100년의 시간여행 - 제주다크투어",2019,5,11,"제주","제주시",33.4926799,126.9517219
"826","방선문축제",2019,5,5,"제주","제주시",33.4926799,126.9517219
"827","제주푸드앤와인페스티벌",2019,5,5,"제주","제주시",33.4926799,126.9517219
"828","부천국제애니메이션페스티벌",2019,10,10,"경기","부천시",37.4791781,126.7889915
"829","부천전국대학가요제",2019,8,8,"경기","부천시",37.4791781,126.7889915
"830","거제 대구수산물 축제",2019,12,12,"경남","거제시",34.8663092998,128.7246401188
"831","거제 섬꽃축제",2019,10,11,"경남","거제시",34.8663092998,128.7246401188
"832","진주논개제",2019,5,5,"경남","진주시",35.1720596687,129.1284342903
"833","2020 대전 서구힐링 아트페스티벌",2020,5,5,"대전","서구",36.35505672,127.3833597
"834","제38회 단양소백산철쭉제",2020,5,5,"충북","단양군",37.0629556369,128.4929220757
"835","제24회 단양온달문화축제",2020,10,10,"충북","단양군",37.0629556369,128.4929220757
"836","홍성남당항 대하축제",2018,8,9,"충남","홍성군",36.6017196006,126.6613896244
"837","홍성역사인물축제",2019,9,9,"충남","홍성군",36.6017196006,126.6613896244
"838","김수환추기경 사랑과 나눔 문화축전",2019,6,6,"경북","군위군",36.2430022932,128.5728833177
"839","연포 해맞이 행사",2018,1,1,"충남","태안군",36.5011225195,126.3367860679
"840","제주국제관광마라톤축제",2019,5,5,"제주","제주시",33.4926799,126.9517219
"841","2019 사려니숲 에코힐링 체험",2019,5,6,"제주","서귀포시",33.4621467,126.9364271
"842","삼척황영조국제마라톤대회",2018,4,4,"강원","삼척시",37.405447,129.205264
"843","삼척장미축제",2018,5,5,"강원","삼척시",37.405447,129.205264
"844","삼척정월대보름축제",2018,2,2,"강원","삼척시",37.405447,129.205264
"845","삼척동해왕이사부독도축제",2018,9,9,"강원","삼척시",37.405447,129.205264
"846","삼척평생학습박람회",2018,10,10,"강원","삼척시",37.405447,129.205264
"847","삼척비치썸패스터벌",2018,7,7,"강원","삼척시",37.405447,129.205264
"848","화순고인돌문화축제",2020,9,9,"전남","화순군",35.11101204,127.0791227
"849","제21회 옥천묘목축제",2020,3,3,"충북","옥천군",36.3807108158,127.6893425214
"850","울산조선해양축제",2020,7,7,"울산","동구",35.505086,129.416646
"851","금호강 바람소리길 축제",2019,9,9,"대구","북구",35.9066389621,128.6005354637
"852","2018 정선고드름축제",2018,2,2,"강원","정선군",37.14853562,128.898962
"853","제17회 구리 코스모스 축제",2017,9,9,"경기","구리시",38.342841,128.081044
"854","면천 진달래축제",2018,4,4,"충남","당진시",36.819209,126.785502
"855","8.15. 프란치스코 데이",2018,8,8,"충남","당진시",36.819209,126.785502
"856","제19회 구리 코스모스 축제",2019,9,9,"경기","구리시",38.342841,128.081044
"857","제19회 구리 유채꽃 축제",2019,5,5,"경기","구리시",38.342841,128.081044
"858","제18회 구리 코스모스 축제",2018,10,10,"경기","구리시",38.342841,128.081044
"859","제18회 구리 유채꽃 축제",2018,5,5,"경기","구리시",38.342841,128.081044
"860","「제37회 대구약령시 한방문화축제」",2014,10,10,"대구","중구",35.856117,128.616238
"861","백화산 해맞이 행사",2018,1,1,"충남","태안군",36.5011225195,126.3367860679
"862","꽃지저녁노을축제",2018,12,12,"충남","태안군",36.5011225195,126.3367860679
"863","2019 제주왕벚꽃축제",2019,3,3,"제주","제주시",33.4926799,126.9517219
"864","2019 제주들불축제",2019,3,3,"제주","제주시",33.4926799,126.9517219
"865","인디스트리트 생활음악페스티벌''뮤직스트릿 파티''",2019,8,8,"서울","은평구",37.5986174183,126.915845525
"866","봉화송이축제",2020,10,10,"경북","봉화군",36.8888791,128.7378251
"867","제15회 창녕낙동강유채축제",2019,4,4,"경남","창녕군",35.4377269233,128.5886090589
"868","악양대봉감축제",2020,1,12,"경남","하동군",35.1110154687,127.8741644649
"869","가드닝 페스티벌",2020,5,5,"충북","청주시",36.721607,127.601269
"870","제21회 고성통일명태축제",2019,10,10,"강원","고성군",38.375898,128.4649304
"871","곡성심청축제",2019,10,10,"전남","곡성군",35.2780945,127.3074651
"872","곡성세계장미축제",2019,5,5,"전남","곡성군",35.2780945,127.3074651
"873","봉화은어축제",2020,7,8,"경북","봉화군",36.8888791,128.7378251
"874","울진대게와 붉은대게 축제",2019,2,3,"경북","울진군",36.9651530689,129.4132711513
"875","청정완도 가을빛 여행",2018,10,10,"전남","완도군",34.1797107442,126.8577890642
"876","간월도어리굴젓수산물한마당",2016,11,11,"충남","서산시",36.71355717,126.5503842
"877","서산시국화축제",2016,10,11,"충남","서산시",36.71355717,126.5503842
"878","서산해미읍성역사체험축제",2016,10,10,"충남","서산시",36.71355717,126.5503842
"879","서산갯마을 뻘낙지축제",2016,10,10,"충남","서산시",36.71355717,126.5503842
"880","삼길포우럭독살체험축제",2016,8,8,"충남","서산시",36.71355717,126.5503842
"881","팔봉산감자축제",2016,6,6,"충남","서산시",36.71355717,126.5503842
"882","전주대사습놀이",2018,6,6,"전북","전주시",35.8206764,127.1482821
"883","인천개항장 문화재야행",2020,9,9,"인천","중구",37.4790517286,126.6272437933
"884","2019 금정산성축제",2019,5,5,"부산","금정구",35.230188,129.089184
"885","포항해병대문화축제",2019,4,4,"경북","포항시",36.07675839,129.5660588
"886","포항국제불빛축제",2019,5,6,"경북","포항시",36.07675839,129.5660588
"887","대구화교중화문화축제",2017,10,10,"대구","중구",35.856117,128.616238
"888","대구 근대路야행",2017,8,8,"대구","중구",35.856117,128.616238
"889","대구워터페스티벌",2017,7,7,"대구","중구",35.856117,128.616238
"890","동성로축제",2017,5,5,"대구","중구",35.856117,128.616238
"891","2017 대구약령시한방문화축제",2017,5,5,"대구","중구",35.856117,128.616238
"892","봉산조형페스티벌 도예조각전",2017,4,5,"대구","중구",35.856117,128.616238
"893","2019청도세계코미디아트페스티벌",2019,10,10,"경북","청도군",35.6551372,128.7355476
"894","한진포구 바지락 갯벌체험축제",2018,5,5,"충남","당진시",36.819209,126.785502
"895","해나루 황토감자축제",2018,6,6,"충남","당진시",36.819209,126.785502
"896","정약용문화제",2019,4,4,"경기","남양주시",37.5162744696,127.299035
"897","동성로축제",2019,5,5,"대구","중구",35.856117,128.616238
"898","2019 대구약령시한방문화축제",2019,5,5,"대구","중구",35.856117,128.616238
"899","봉산도자기축제",2019,4,4,"대구","중구",35.856117,128.616238
"900","김광석추모콘서트",2019,1,1,"대구","중구",35.856117,128.616238
"901","향촌동수제화골목 2018년「빨간구두 이야기」",2018,10,10,"대구","중구",35.856117,128.616238
"902","제2회 북성로 축제",2018,10,10,"대구","중구",35.856117,128.616238
"903","봉산미술제",2018,10,10,"대구","중구",35.856117,128.616238
"904","대구스트리트 모터 페스티벌",2018,10,10,"대구","중구",35.856117,128.616238
"905","대구화교중화문화축제",2018,10,10,"대구","중구",35.856117,128.616238
"906","김광석노래부르기",2018,9,9,"대구","중구",35.856117,128.616238
"907","대구 근대路야행(2회)",2018,9,9,"대구","중구",35.856117,128.616238
"908","대구 근대路야행(1회)",2018,8,8,"대구","중구",35.856117,128.616238
"909","방천골목오페라축제",2018,6,6,"대구","중구",35.856117,128.616238
"910","쇠소깍축제",2019,8,8,"제주","서귀포시",33.4621467,126.9364271
"911","표선해변 하얀모래축제",2019,8,8,"제주","서귀포시",33.4621467,126.9364271
"912","돈내코계곡 원앙축제",2019,8,8,"제주","서귀포시",33.4621467,126.9364271
"913","김해독서대전",2019,10,10,"경남","김해시",35.23606039,128.8730826
"914","김해분청도자기축제",2019,10,11,"경남","김해시",35.23606039,128.8730826
"915","가야문화축제",2019,4,4,"경남","김해시",35.23606039,128.8730826
"916","성주생명문화축제 성주참외페스티벌",2019,5,5,"경북","성주군",35.9157610181,128.2800492095
"917","인천개항장 문화재야행",2020,5,5,"인천","중구",37.4790517286,126.6272437933
"918","제2회 연제고분판타지축제",2019,9,9,"부산","연제구",35.183681,129.088039
"919","제2회 의정부시 청소년 풋살대회",2020,10,10,"경기","의정부시",37.7069947266,127.053346
"920","청소년 공감 콘서트",2020,10,10,"경기","의정부시",37.7069947266,127.053346
"921","제3회 의정부시장배 전국 청소년 드론경연대회",2020,7,7,"경기","의정부시",37.7069947266,127.053346
"922","제야타종식",2019,12,12,"경북","울진군",36.9651530689,129.4132711513
"923","여수여자만갯벌노을체험행사",2019,10,10,"전남","여수시",34.593794482,127.8029860962
"924","여수거북선축제",2019,5,5,"전남","여수시",34.593794482,127.8029860962
"925","2018 전주비빔밥축제",2018,10,10,"전북","전주시",35.8206764,127.1482821
"926","전주한지문화축제",2018,5,5,"전북","전주시",35.8206764,127.1482821
"927","전주국제발효식품엑스포",2018,10,10,"전북","전주시",35.8206764,127.1482821
"928","제3회 풍덕동 장미축제",2020,5,5,"전남","순천시",34.9366208,127.5481890924
"929","제3회 마을공동체 동아리축제",2020,7,7,"전남","순천시",34.9366208,127.5481890924
"930","제5회 순천철도마을축제 및 제3회 순천철도어린이동요제",2020,5,5,"전남","순천시",34.9366208,127.5481890924
"931","제5회 신대지구 스마트 문화제",2020,9,9,"전남","순천시",34.9366208,127.5481890924
"932","청바지&청소년 “끼” 축제",2020,10,10,"전남","순천시",34.9366208,127.5481890924
"933","봉숫골 꽃나들이 축제",2020,3,3,"경남","통영시",34.75930638,128.5100671
"934","통영한산대첩축제",2020,8,8,"경남","통영시",34.75930638,128.5100671
"935","한산도 바다체험축제",2020,6,6,"경남","통영시",34.75930638,128.5100671
"936","2019 고양호수예술축제",2019,10,10,"경기","고양시",37.63173966,126.832994
"937","2019 고양행주문화제",2019,5,5,"경기","고양시",37.63173966,126.832994
"938","노루목 봄 페스티벌 <ㅍㅍㅍ페스티벌>",2019,5,5,"경기","고양시",37.63173966,126.832994
"939","신바람난 뮤지엄 페스티벌",2019,5,5,"경기","고양시",37.63173966,126.832994
"940","크리스마스거리축제",2019,12,12,"서울","서대문구",37.574374,126.956064
"941","서대문독립민주축제",2019,8,8,"서울","서대문구",37.574374,126.956064
"942","여수영취산진달래체험행사",2019,3,3,"전남","여수시",34.593794482,127.8029860962
"943","전주세계소리축제",2018,10,10,"전북","전주시",35.8206764,127.1482821
"944","전주단오축제",2018,6,6,"전북","전주시",35.8206764,127.1482821
"945","제19회 전주국제영화제",2018,5,5,"전북","전주시",35.8206764,127.1482821
"946","제22회 과천축제",2018,9,9,"경기","과천시",37.4279091,126.9895045
"947","제1회의성슈퍼푸드마늘축제",2019,10,10,"경북","의성군",36.35137471,128.6768191
"948","제10회의성봉양자두홍보및체험행사",2019,7,7,"경북","의성군",36.35137471,128.6768191
"949","전국민속 소싸움 달성대회",2018,4,4,"대구","달성군",35.687021,128.458656
"950","정월대보름 달맞이문화제",2018,3,3,"대구","달성군",35.687021,128.458656
"951","2019 경주한우와 농축수산물 한마당축제",2019,10,10,"경북","경주시",35.82896048,129.2173165
"952","제47회 신라문화제",2019,10,10,"경북","경주시",35.82896048,129.2173165
"953","서귀포 3분 관광영화제",2019,8,8,"제주","서귀포시",33.4621467,126.9364271
"954","2019 서귀포과학문화축전",2019,9,9,"제주","서귀포시",33.4621467,126.9364271
"955","2019청도반시축제",2019,10,10,"경북","청도군",35.6551372,128.7355476
"956","제13회 청도유등제",2019,5,4,"경북","청도군",35.6551372,128.7355476
"957","2019청도소싸움축제",2019,5,5,"경북","청도군",35.6551372,128.7355476
"958","제13회 영동포도축제",2017,8,8,"충북","영동군",36.1642048,127.7819752
"959","제50회 영동난계국악축제",2017,9,9,"충북","영동군",36.1642048,127.7819752
"960","제8회 대한민국와인축제",2017,9,9,"충북","영동군",36.1642048,127.7819752
"961","2017 영동곶감축제",2017,12,12,"충북","영동군",36.1642048,127.7819752
"962","부산시민의종 타종식",2020,12,1,"부산","중구",35.0990580895,129.033396916
"963","부산크리스마스트리축제",2020,11,1,"부산","중구",35.0990580895,129.033396916
"964","부산불꽃축제",2020,11,11,"부산","수영구",35.1543923,129.1188448
"965","부산국제록페스티벌",2020,7,7,"부산","사상구",35.177010022,128.9776397468
"966","부산바다축제",2020,8,8,"부산","수영구",35.1543923,129.1188448
"967","원도심활성화 축제",2020,5,5,"부산","중구",35.0990580895,129.033396916
"968","낙동강유채꽃 축제",2020,4,4,"부산","강서구",35.20984733,128.9845542
"969","고창갯벌축제",2019,6,6,"전북","고창군",35.4311962737,126.7383543955
"970","여수밤바다 불꽃축제",2019,9,9,"전남","여수시",34.593794482,127.8029860962
"971","거문도백도은빛바다체험행사",2019,8,8,"전남","여수시",34.593794482,127.8029860962
"972","2020 동아시아문화도시 개막행사",2020,5,5,"전남","순천시",34.9366208,127.5481890924
"973","2018 안양충훈벚꽃축제",2018,4,4,"경기","안양시",37.39013727,126.9613302
"974","2017 안양 시민축제",2017,9,9,"경기","안양시",37.39013727,126.9613302
"975","약령개장 357주년 2015「대구약령시 한방문화축제」",2015,4,4,"대구","중구",35.856117,128.616238
"976","정월대보름달맞이축제",2015,3,3,"대구","중구",35.856117,128.616238
"977","향촌동수제화골목 2014년「빨간구두 이야기」",2014,11,11,"대구","중구",35.856117,128.616238
"978","중구미술협회전",2014,11,11,"대구","중구",35.856117,128.616238
"979","봉산미술제",2014,10,10,"대구","중구",35.856117,128.616238
"980","천안춤영화제",2019,9,9,"충남","천안시",36.7886525548,127.2580712772
"981","천안북면위례벚꽃축제",2019,4,4,"충남","천안시",36.7886525548,127.2580712772
"982","제주들불축제",2019,3,3,"제주","제주시",33.4926799,126.9517219
"983","제주왕벚꽃축제",2019,3,3,"제주","제주시",33.4926799,126.9517219
"984","탐라국입춘굿놀이",2019,2,2,"제주","제주시",33.4926799,126.9517219
"985","심훈상록문화제",2018,10,10,"충남","당진시",36.819209,126.785502
"986","삽교호조개구이 축제",2018,9,9,"충남","당진시",36.819209,126.785502
"987","남이흥장군 문화제",2018,10,10,"충남","당진시",36.819209,126.785502
"988","산청황매산철쭉제",2020,4,5,"경남","산청군",35.48759166,127.968645
"989","천등산고구마축제",2019,9,9,"충북","충주시",37.0045126238,127.9973388621
"990","크리스마스트리 축제",2020,12,12,"인천","중구",37.4790517286,126.6272437933
"991","연안부두 축제",2020,10,10,"인천","중구",37.4790517286,126.6272437933
"992","인천상륙작전 문화공연",2020,9,9,"인천","중구",37.4790517286,126.6272437933
"993","한성백제문화제",2020,9,9,"서울","송파구",37.52034114,127.1155184
"994","석촌호수벚꽃축제",2020,4,4,"서울","송파구",37.52034114,127.1155184
"995","제27회 화도진축제",2016,5,5,"인천","동구",37.476747,126.632239
"996","영월동강겨울축제",2016,12,1,"강원","영월군",37.079689,128.60173
"997","2017 물의나라화천 쪽배축제",2017,7,8,"강원","화천군",38.112578,127.709826
"998","2017 얼음나라화천 산천어축제",2017,1,2,"강원","화천군",38.112578,127.709826
"999","제19회 사상전통달집놀이",2019,2,2,"부산","사상구",35.177010022,128.9776397468
"1000","제11회 삼락벚꽃축제",2018,4,4,"부산","사상구",35.177010022,128.9776397468
"1001","조선통신사 축제",2020,10,10,"부산","중구",35.0990580895,129.033396916
"1002","부산항축제",2020,5,5,"부산","동구",35.11774625,129.0491459
"1003","와룡문화제",2019,4,4,"경남","사천시",35.00361954,128.0642075
"1004","제48회 강진청자축제",2020,10,10,"전남","강진군",34.72004452,126.8171446
"1005","강동선사문화축제",2019,10,10,"서울","강동구",37.5598538143,127.1308315505
"1006","구로G페스티벌",2020,9,9,"서울","구로구",37.501473,126.872383
"1007","2019 안양여성축제",2019,5,5,"경기","안양시",37.39013727,126.9613302
"1008","2019 안양충훈벚꽃축제",2019,4,4,"경기","안양시",37.39013727,126.9613302
"1009","2018 안양 시민축제",2018,9,9,"경기","안양시",37.39013727,126.9613302
"1010","2018 광복기념음악회",2018,8,8,"경기","안양시",37.39013727,126.9613302
"1011","2018 안양여성축제",2018,5,5,"경기","안양시",37.39013727,126.9613302
"1012","산정호수윈터페스타",2019,12,2,"경기","포천시",38.06928901,127.32333768
"1013","달맞이축제",2019,2,2,"강원","양구군",38.291042,128.143313
"1014","제2회 비아마을 큰잔치",2017,10,10,"광주","광산구",35.222211,126.8443276
"1015","첨단1동 마을축제",2017,10,10,"광주","광산구",35.222211,126.8443276
"1016","광산우리밀축제",2017,5,5,"광주","광산구",35.222211,126.8443276
"1017","제5회 광산구 세계음식문화축제",2017,5,5,"광주","광산구",35.222211,126.8443276
"1018","동아시아 청소년 예술제",2020,8,8,"전남","순천시",34.9366208,127.5481890924
"1019","한중일 미래예술융합 페스티벌",2020,7,7,"전남","순천시",34.9366208,127.5481890924
"1020","한중일 전통 민속예술한마당",2020,6,6,"전남","순천시",34.9366208,127.5481890924
"1021","2019 여주오곡나루축제(취소)",2019,10,10,"경기","여주시",37.30014172,127.6545493
"1022","대학가요제 및 연합축제",2019,10,10,"충남","천안시",36.7886525548,127.2580712772
"1023","제18회 합천벚꽃마라톤대회",2019,4,4,"경남","합천군",35.5645227542,128.169412811
"1024","동강국제사진제",2018,6,7,"강원","영월군",37.079689,128.60173
"1025","제29회 화도진축제",2018,5,5,"인천","동구",37.476747,126.632239
"1026","제28회 화도진축제",2017,5,5,"인천","동구",37.476747,126.632239
"1027","간절곶해맞이",2019,12,1,"울산","울주군",35.359037106,129.360675338
"1028","울주세계산악영화제",2020,4,4,"울산","울주군",35.359037106,129.360675338
"1029","하남이성문화축제",2018,9,9,"경기","하남시",37.5465478303,127.2205032459
"1030","우시산국축제",2020,4,4,"울산","울주군",35.359037106,129.360675338
"1031","서귀포혁신도시 야간문화콘서트 <와랑와랑 in 서귀포>",2019,8,8,"제주","서귀포시",33.4621467,126.9364271
"1032","경산갓바위소원성취축제",2019,8,9,"경북","경산시",35.8178464488,128.8189949392
"1033","경산자인단오제",2019,6,6,"경북","경산시",35.8178464488,128.8189949392
"1034","영월동강뗏목축제",2018,8,8,"강원","영월군",37.079689,128.60173
"1035","김삿갓문화제",2018,10,10,"강원","영월군",37.079689,128.60173
"1036","제7회 목감천 친환경 축제",2019,5,5,"경기","광명시",37.4444649,126.8918147
"1037","구름산예술제",2018,8,9,"경기","광명시",37.4444649,126.8918147
"1038","양산삽량문화축전",2018,10,10,"경남","양산시",35.377627846,129.1434288
"1039","양산웅상회야제",2019,5,5,"경남","양산시",35.377627846,129.1434288
"1040","왜목해돋이축제",2017,12,1,"충남","당진시",36.819209,126.785502
"1041","기지시줄다리기 민속축제",2018,4,4,"충남","당진시",36.819209,126.785502
"1042","거제학동몽돌해변 불꽃축제",2019,10,10,"경남","거제시",34.8663092998,128.7246401188
"1043","거제맥주축제",2019,8,8,"경남","거제시",34.8663092998,128.7246401188
"1044","수성 건강 축제",2020,7,7,"대구","수성구",35.849688,128.695676
"1045","수성못 페스티벌",2020,9,9,"대구","수성구",35.849688,128.695676
"1046","고모령 가요제",2020,8,8,"대구","수성구",35.849688,128.695676
"1047","수성못 뮤지컬 프린지 페스티벌",2020,7,7,"대구","수성구",35.849688,128.695676
"1048","제13회 지리산산청곶감축제",2020,1,1,"경남","산청군",35.48759166,127.968645
"1049","2020년 한글문화예술제",2020,10,10,"울산","중구",35.5747570504,129.3474699268
"1050","2020 울산 마두희 축제",2020,6,6,"울산","중구",35.5747570504,129.3474699268
"1051","2019 백제어울마당",2019,5,11,"충남","공주시",36.36030634,127.2509274183
"1052","2019겨울공주군밤축제",2019,1,1,"충남","공주시",36.36030634,127.2509274183
"1053","생거진천 문화축제",2019,10,10,"충북","진천군",36.8290966236,127.4908239734
"1054","제27회 용문산 영목제",2019,10,10,"경기","양평군",37.5461701,127.58216136
"1055","장고항 실치축제",2018,4,4,"충남","당진시",36.819209,126.785502
"1056","순천만국가정원화훼장식 경진대회",2020,10,10,"전남","순천시",34.9366208,127.5481890924
"1057","의왕백운호수축제",2020,9,9,"경기","의왕시",37.383212918,127.000758782
"1058","의왕철도축제",2020,5,5,"경기","의왕시",37.383212918,127.000758782
"1059","의왕백운예술제",2019,9,9,"경기","의왕시",37.383212918,127.000758782
"1060","의왕철도축제",2019,5,5,"경기","의왕시",37.383212918,127.000758782
"1061","별빛달빛놀이터",2019,5,5,"경기","안산시",37.299644,126.8627
"1062","시래기축제",2019,10,10,"강원","양구군",38.291042,128.143313
"1063","봉산미술제",2011,10,10,"대구","중구",35.856117,128.616238
"1064","중구미술협회전",2011,10,10,"대구","중구",35.856117,128.616238
"1065","대구화교중화문화축제",2011,8,8,"대구","중구",35.856117,128.616238
"1066","동성로축제",2011,5,5,"대구","중구",35.856117,128.616238
"1067","제10회 무궁화축제",2018,10,10,"강원","홍천군",37.7173326221,128.173191527
"1068","제7회 홍천인삼송어축제",2019,1,1,"강원","홍천군",37.7173326221,128.173191527
"1069","제5회바회마을 화전민 축제",2018,7,7,"강원","홍천군",37.7173326221,128.173191527
"1070","제3회 홍천사과축제",2018,9,9,"강원","홍천군",37.7173326221,128.173191527
"1071","제4회 서석면 코스모스 축제",2018,9,9,"강원","홍천군",37.7173326221,128.173191527
"1072","사랑말 국화축제",2018,7,7,"강원","홍천군",37.7173326221,128.173191527
"1073","뮤직·수제맥주 페스티벌",2020,6,6,"대구","수성구",35.849688,128.695676
"1074","대구데이 페스티벌",2020,6,6,"대구","수성구",35.849688,128.695676
"1075","상화문학제",2020,5,5,"대구","수성구",35.849688,128.695676
"1076","광양전어축제",2020,6,6,"전남","광양시",34.97164706,127.7587907
"1077","백운산국사봉철쭉축제",2020,6,6,"전남","광양시",34.97164706,127.7587907
"1078","광양매화축제",2020,6,6,"전남","광양시",34.97164706,127.7587907
"1079","굿모닝 양림",2019,10,10,"광주","남구",35.1469145949,126.9199953604
"1080","2019고싸움놀이축제",2019,8,8,"광주","남구",35.1469145949,126.9199953604
"1081","제37회고싸움놀이축제",2019,3,3,"광주","남구",35.1469145949,126.9199953604
"1082","난설헌허초희 문화제",2020,4,4,"강원","강릉시",37.7918731744,128.9096452996
"1083","강릉망월제",2020,2,2,"강원","강릉시",37.7918731744,128.9096452996
"1084","평생학습도시 선언 20주년 컨퍼런스",2019,11,11,"경기","광명시",37.4444649,126.8918147
"1085","제21회 용전들노래 정기공연",2019,7,7,"광주","북구",35.23893658,126.8973084
"1086","용전들노래 가을걷이 한마당",2019,10,10,"광주","북구",35.23893658,126.8973084
"1087","중원한마당축제",2019,9,9,"경기","성남시",37.46123306,127.1707449
"1088","은행골한마음잔치",2019,5,5,"경기","성남시",37.46123306,127.1707449
"1089","옹진군 해넘이 및 제야의 밤",2019,12,1,"인천","옹진군",37.27012096,126.4931449
"1090","국사봉 해맞이행사",2019,12,1,"인천","옹진군",37.27012096,126.4931449
"1091","우산문화제",2020,9,9,"경북","울릉군",37.48430421,130.9056438274
"1092","오징어축제",2019,8,8,"경북","울릉군",37.48430421,130.9056438274
"1093","울릉해변가요제",2019,8,8,"경북","울릉군",37.48430421,130.9056438274
"1094","달맞이축제",2019,2,2,"경북","울릉군",37.48430421,130.9056438274
"1095","달구벌목민관축제",2018,10,10,"대구","서구",35.8758308,128.5747396
"1096","미소&행복 구민축제",2018,10,10,"대구","서구",35.8758308,128.5747396
"1097","남도음식문화큰잔치",2018,10,10,"전남","강진군",34.72004452,126.8171446
"1098","명량대첩축제",2019,9,9,"전남","진도군",34.5707161325,126.3009788854
"1099","한강낙동강발원지축제",2019,7,8,"강원","태백시",37.1626608,128.9868699
"1100","태백산눈축제",2019,1,2,"강원","태백시",37.1626608,128.9868699
"1101","청소년어울림마당 5회차",2019,11,11,"경기","안산시",37.299644,126.8627
"1102","청소년어울림마당 4회차",2019,10,10,"경기","안산시",37.299644,126.8627
"1103","제7회 상록수문화제",2019,10,10,"경기","안산시",37.299644,126.8627
"1104","청소년어울림마당 3회차",2019,9,9,"경기","안산시",37.299644,126.8627
"1105","대부포도축제",2019,9,9,"경기","안산시",37.299644,126.8627
"1106","그랑꼬또 와인 페스티벌",2019,8,8,"경기","안산시",37.299644,126.8627
"1107","청소년어울림마당 2회차",2019,7,7,"경기","안산시",37.299644,126.8627
"1108","청소년어울림마당 1회차",2019,6,6,"경기","안산시",37.299644,126.8627
"1109","제12주년 세계인의 날 기념행사",2019,5,5,"경기","안산시",37.299644,126.8627
"1110","청소년의달 기념행사 <열정유>",2019,5,5,"경기","안산시",37.299644,126.8627
"1111","동성로축제",2018,5,5,"대구","중구",35.856117,128.616238
"1112","2018 대구약령시한방문화축제",2018,5,5,"대구","중구",35.856117,128.616238
"1113","봉산도자기축제",2018,4,4,"대구","중구",35.856117,128.616238
"1114","제1회 북성로 축제",2017,10,10,"대구","중구",35.856117,128.616238
"1115","향촌동수제화골목 2017년「빨간구두 이야기」",2017,10,10,"대구","중구",35.856117,128.616238
"1116","봉산미술제",2017,10,10,"대구","중구",35.856117,128.616238
"1117","대구스트리트 모터 페스티벌",2017,10,10,"대구","중구",35.856117,128.616238
"1118","춘천가족음악축제",2019,9,9,"강원","춘천시",37.8564737,127.7467644
"1119","김유정문학제",2019,10,10,"강원","춘천시",37.8564737,127.7467644
"1120","경주세계차문화축제",2019,9,9,"경북","경주시",35.82896048,129.2173165
"1121","계룡군문화축제",2018,10,10,"충남","계룡시",36.274229,127.248827
"1122","공주항공축제",2019,5,5,"충남","공주시",36.36030634,127.2509274183
"1123","갑사황매화 축제",2019,4,4,"충남","공주시",36.36030634,127.2509274183
"1124","2019 계룡산벚꽃축제",2019,4,4,"충남","공주시",36.36030634,127.2509274183
"1125","제16회 마곡사신록축제",2019,4,4,"충남","공주시",36.36030634,127.2509274183
"1126","2019 계룡산산신제",2019,4,4,"충남","공주시",36.36030634,127.2509274183
"1127","농악대축제",2018,10,10,"경기","광명시",37.4444649,126.8918147
"1128","소하도서관 책축제 팔짱, 책을 품다",2016,4,4,"경기","광명시",37.4444649,126.8918147
"1129","농악대축제",2017,10,10,"경기","광명시",37.4444649,126.8918147
"1130","구름산예술제",2017,9,9,"경기","광명시",37.4444649,126.8918147
"1131","제26회 오리문화제",2017,5,5,"경기","광명시",37.4444649,126.8918147
"1132","제16회 광명시평생학습축제",2017,9,9,"경기","광명시",37.4444649,126.8918147
"1133","구름산예술제",2016,10,10,"경기","광명시",37.4444649,126.8918147
"1134","제2회 밤일음식문화 거리 축제",2016,6,6,"경기","광명시",37.4444649,126.8918147
"1135","제14회 광명시평생학습축제",2015,9,9,"경기","광명시",37.4444649,126.8918147
"1136","구름산예술제",2015,10,10,"경기","광명시",37.4444649,126.8918147
"1137","농악대축제",2015,10,10,"경기","광명시",37.4444649,126.8918147
"1138","농악대축제",2016,10,10,"경기","광명시",37.4444649,126.8918147
"1139","의령 가례 밭미나리 축제",2019,3,3,"경남","의령군",35.3155735773,128.2674987432
"1140","제2회 북성로 축제",2018,10,10,"대구","중구",35.856117,128.616238
"1141","제23회 보령머드축제",2020,7,7,"충남","보령시",36.332811,126.6120001
"1142","강감찬축제",2020,10,10,"서울","관악구",37.4782097744,126.9515031667
"1143","2017 광복기념음악회",2017,8,8,"경기","안양시",37.39013727,126.9613302
"1144","2017 안양 아줌마축제",2017,5,5,"경기","안양시",37.39013727,126.9613302
"1145","2017 안양충훈벚꽃축제",2017,4,4,"경기","안양시",37.39013727,126.9613302
"1146","천안예술제",2019,10,10,"충남","천안시",36.7886525548,127.2580712772
"1147","춘천마임축제",2019,5,6,"강원","춘천시",37.8564737,127.7467644
"1148","정월대보름축제",2019,2,3,"강원","춘천시",37.8564737,127.7467644
"1149","제37회 고성군민의 날 및 수성문화제",2019,9,9,"강원","고성군",38.375898,128.4649304
"1150","고싸움놀이축제(1차)",2019,3,3,"광주","남구",35.1469145949,126.9199953604
"1151","인천송도해변 여름대축제",2018,7,8,"인천","연수구",37.41807754,126.6824114
"1152","연수능허대문화축제",2018,10,10,"인천","연수구",37.41807754,126.6824114
"1153","제19회 사상강변축제",2020,3,3,"부산","사상구",35.177010022,128.9776397468
"1154","제12회 삼락벚꽃축제",2020,3,3,"부산","사상구",35.177010022,128.9776397468
"1155","제20회 사상전통달집놀이",2020,2,2,"부산","사상구",35.177010022,128.9776397468
"1156","주안미디어문화축제",2020,9,9,"인천","미추홀구",37.458746,126.679586
"1157","강릉커피축제",2020,10,10,"강원","강릉시",37.7918731744,128.9096452996
"1158","허균문화제",2020,10,10,"강원","강릉시",37.7918731744,128.9096452996
"1159","강릉단오제",2020,6,6,"강원","강릉시",37.7918731744,128.9096452996
"1160","김천예술제",2019,10,10,"경북","김천시",36.118748,128.1221091661
"1161","김천국제가족연극제",2019,7,7,"경북","김천시",36.118748,128.1221091661
"1162","신년해맞이행사",2020,1,1,"경남","거제시",34.8663092998,128.7246401188
"1163","산청 경호강 물 페스티벌",2020,7,7,"경남","산청군",35.48759166,127.968645
"1164","농산물한마당축제",2019,10,10,"충북","충주시",37.0045126238,127.9973388621
"1165","우륵문화제",2019,9,9,"충북","충주시",37.0045126238,127.9973388621
"1166","제27회 낙안읍성 민속문화축제",2020,10,10,"전남","순천시",34.9366208,127.5481890924
"1167","제22회 순천만 갈대축제",2020,10,11,"전남","순천시",34.9366208,127.5481890924
"1168","제5회 도시농업 어울림 한마당",2020,9,9,"전남","순천시",34.9366208,127.5481890924
"1169","제3회 도사동 행복 항꾸네 축제",2020,5,5,"전남","순천시",34.9366208,127.5481890924
"1170","2020 순천 푸드앤아트페스티벌(날짜변경가능)",2020,9,9,"전남","순천시",34.9366208,127.5481890924
"1171","제21회 만세보령문화제",2020,10,10,"충남","보령시",36.332811,126.6120001
"1172","제22회 무창포 신비의 바닷길 축제",2020,9,9,"충남","보령시",36.332811,126.6120001
"1173","함백산야생화축제",2017,7,8,"강원","정선군",37.14853562,128.898962
"1174","김천자두포도축제",2019,7,7,"경북","김천시",36.118748,128.1221091661
"1175","정월대보름달맞이축제",2019,2,2,"경북","김천시",36.118748,128.1221091661
"1176","코로나19에 따른 축제 일체 잠정 중단",2020,1,11,"대구","동구",35.86471972,128.7142948
"1177","송년불꽃축제",2019,12,12,"경남","거제시",34.8663092998,128.7246401188
"1178","제3회 의정부시 청소년 party",2020,5,5,"경기","의정부시",37.7069947266,127.053346
"1179","2020 전국 청소년 댄스페스티벌 ''꿈을 향한 무(舞)승부''",2020,5,5,"경기","의정부시",37.7069947266,127.053346
"1180","2020 제3회 의정부시청소년진로페스티벌",2020,5,5,"경기","의정부시",37.7069947266,127.053346
"1181","제98회 어린이날 행사 어린이 한마당 큰잔치",2020,5,5,"경기","의정부시",37.7069947266,127.053346
"1182","2020 제17회 청소년 어울림마당 행복누리축제",2020,4,11,"경기","의정부시",37.7069947266,127.053346
"1183","의정부 건강축제 「건강, 사계 四季」",2020,9,9,"경기","의정부시",37.7069947266,127.053346
"1184","북평용줄다리기 축제",2019,10,10,"전남","해남군",34.4036574,126.6280888
"1185","땅끝 해넘이·해맞이 축제",2019,12,1,"전남","해남군",34.4036574,126.6280888
"1186","오시아노 樂 페스티벌",2019,8,8,"전남","해남군",34.4036574,126.6280888
"1187","제20회 한우산 철쭉제",2019,4,4,"경남","의령군",35.3155735773,128.2674987432
"1188","제47회의병제전",2019,4,4,"경남","의령군",35.3155735773,128.2674987432
"1189","문경찻사발축제",2019,4,5,"경북","문경시",36.7714734037,128.31411451
"1190","신창동 어울림축제",2017,10,10,"광주","광산구",35.222211,126.8443276
"1191","제2회 하남동 도농공 한울타리 어울림축제",2017,10,10,"광주","광산구",35.222211,126.8443276
"1192","안산국제거리극축제",2019,5,5,"경기","안산시",37.299644,126.8627
"1193","제11주년 세계인의 날 기념행사",2018,11,11,"경기","안산시",37.299644,126.8627
"1194","안산사이언스밸리(ASV) 과학축제",2018,10,10,"경기","안산시",37.299644,126.8627
"1195","2018 안산 김홍도축제",2018,10,10,"경기","안산시",37.299644,126.8627
"1196","2018 안산시 평생학습 한마당 & 제8회 안산시도서관책문화축제",2018,10,10,"경기","안산시",37.299644,126.8627
"1197","양지암축제",2019,4,4,"경남","거제시",34.8663092998,128.7246401188
"1198","의견문화제",2019,5,5,"전북","임실군",35.54520247,127.3326779
"1199","2020 보은대추축제",2020,10,10,"충북","보은군",36.53271475,127.8247988
"1200","제천겨울왕국페스티벌 시즌2",2019,12,1,"충북","제천시",37.148685,128.216854
"1201","방아다리벗꽃축제",2019,4,4,"서울","양천구",39.516601,128.863871
"1202","정월대보름 행사",2019,2,2,"서울","양천구",39.516601,128.863871
"1203","산방산삼월삼짇날축제",2019,4,4,"경남","거제시",34.8663092998,128.7246401188
"1204","대금산진달래축제",2019,4,4,"경남","거제시",34.8663092998,128.7246401188
"1205","거제도 국제펭귄수영 축제",2018,1,1,"경남","거제시",34.8663092998,128.7246401188
"1206","문경약돌한우축제",2018,11,11,"경북","문경시",36.7714734037,128.31411451
"1207","문경오미자축제",2019,9,9,"경북","문경시",36.7714734037,128.31411451
"1208","문경사과축제",2019,10,10,"경북","문경시",36.7714734037,128.31411451
"1209","제16회 구리 코스모스 축제",2016,9,9,"경기","구리시",38.342841,128.081044
"1210","두류문화한마당",2020,5,5,"대구","달서구",35.8507464815,128.5616533709
"1211","와룡민속한마당",2020,6,6,"대구","달서구",35.8507464815,128.5616533709
"1212","제7회 순천시 전통향토음식 축제",2020,10,10,"전남","순천시",34.9366208,127.5481890924
"1213","제5회 도시농업 어울림 한마당",2020,9,9,"전남","순천시",34.9366208,127.5481890924
"1214","제26회 순천시민의 날 행사",2020,10,10,"전남","순천시",34.9366208,127.5481890924
"1215","제9회 웃장 국밥축제",2020,9,9,"전남","순천시",34.9366208,127.5481890924
"1216","순천만국가정원 겨울 축제",2020,11,2,"전남","순천시",34.9366208,127.5481890924
"1217","윤봉길평화축제",2020,4,4,"충남","예산군",36.67611933,126.8479256
"1218","예산장터삼국축제",2020,10,10,"충남","예산군",36.67611933,126.8479256
"1219","2020 대한민국 정원산업박람회",2020,10,10,"전남","순천시",34.9366208,127.5481890924
"1220","2020 동아시아문화도시 폐막행사",2020,11,11,"전남","순천시",34.9366208,127.5481890924
"1221","종교연합바자회",2019,10,10,"서울","강북구",37.63918553,127.0254518
"1222","세종 조치원 복숭아  축제",2019,8,8,"세종","조치원읍",36.5998248,127.287846
"1223","세종축제",2019,10,10,"세종","연기면",36.4988177323,127.2700759959
"1224","이호테우축제",2019,7,7,"제주","제주시",33.4926799,126.9517219
"1225","금능 원담축제",2019,7,7,"제주","제주시",33.4926799,126.9517219
"1226","2019년도 거문오름국제트레킹",2019,7,7,"제주","제주시",33.4926799,126.9517219
"1227","스테핑스톤페스티벌",2019,7,7,"제주","제주시",33.4926799,126.9517219
"1228","제주해비치아트페스티벌",2019,6,6,"제주","서귀포시",33.4621467,126.9364271
"1229","2019 제주 메밀축제",2019,6,6,"제주","서귀포시",33.4621467,126.9364271
"1230","2019 곶자왈 반딧불이 축제",2019,6,7,"제주","제주시",33.4926799,126.9517219
"1231","2019 보목자리돔축제",2019,5,6,"제주","서귀포시",33.4621467,126.9364271
"1232","2019 봄 시즌글라스 녹차 페스티벌 청초밭 제주",2019,5,6,"제주","서귀포시",33.4621467,126.9364271
"1233","블루거제페스티벌",2019,7,8,"경남","거제시",34.8663092998,128.7246401188
"1234","바다로 세계로",2019,8,8,"경남","거제시",34.8663092998,128.7246401188
"1235","남부면 수국축제",2019,6,6,"경남","거제시",34.8663092998,128.7246401188
